,,HMM Prob. W.,HMM Prob. M.,HMM Weights D.,HMM Weights O.,HMM Weights D.,MA,    site,  region,    PHAT,dScore,Score1,Transv,CodPos,CpG,     PfamHit,Buried or Exposed,Relative Surface Accessibility,Absolute Surface Accessibility,Probability for Alpha-helix,Probability for Beta-strand,Probability for Coil,Buried or Exposed,Relative Surface Accessibility,Absolute Surface Accessibility,Probability for Alpha-helix,Probability for Beta-strand,Probability for Coil
1,TS,0.175224022,0.060816144,7,5,1,2.075,      NO,      NO,0,1.565,-1.676,1,2,0,YES,E,0.655,114.428,0.058,0.017,0.925,E,0.762,109.847,0.058,0.017,0.925
2,TS,0.175224022,0.133231109,7,5,1,2.075,      NO,      NO,0,1.5,-1.627,0,0,0,YES,E,0.655,114.428,0.058,0.017,0.925,E,0.707,145.348,0.058,0.017,0.925
3,TS,0.175224022,0.08977758,7,5,1,2.075,      NO,      NO,0,1.94,-1.676,1,0,0,YES,E,0.655,114.428,0.058,0.017,0.925,E,0.696,124.288,0.058,0.017,0.925
4,TS,0.51476232,0.085344438,7,5,1,2.16,      NO,      NO,0,2.517,-1.496,1,0,0,YES,B,0.061,11.242,0.561,0.047,0.393,B,0.061,12.246,0.66,0.049,0.291
5,TS,0.51476232,0.006259781,7,5,1,2.16,      NO,      NO,0,1.057,-1.496,0,1,2,YES,B,0.061,11.242,0.561,0.047,0.393,B,0.094,13.381,0.455,0.046,0.498
6,TS,0.222615324,0.077522272,113,13,74,0.695,      NO,COMPBIAS,0,0.691,-1.792,1,0,0,          NO,E,0.595,103.912,0.113,0.043,0.844,E,0.624,111.446,0.053,0.043,0.903
7,TS,0.130964367,0.054064906,113,13,74,0.345,      NO,COMPBIAS,0,0.433,-2.069,1,2,0,          NO,E,0.536,62.831,0.052,0.084,0.864,E,0.655,150.018,0.053,0.043,0.903
8,TS,0.099867597,0.097145055,113,13,74,1.39,      NO,COMPBIAS,0,1.631,-1.637,1,1,0,          NO,E,0.565,78.31,0.053,0.043,0.903,E,0.576,118.401,0.053,0.043,0.903
9,TS,0.559730422,0.021653027,1,3,1,2.67,      NO,      NO,0,2.849,-0.861,0,0,1,YES,B,0.041,3.211,0.717,0.014,0.269,B,0.044,10.076,0.717,0.014,0.269
10,TS,0.021748728,0.016910678,1,39,21,2.24,      NO,      NO,0,1.945,-1.281,0,1,1,          NO,B,0.13,29.678,0.911,0.033,0.057,B,0.134,23.932,0.911,0.033,0.057
11,TS,0.173628035,0.040415981,1,39,21,2.195,      NO,      NO,0,2.605,-1.239,0,1,0,          NO,B,0.137,16.033,0.268,0.043,0.689,B,0.121,24.184,0.354,0.048,0.598
12,TS,0.344369524,0.12504145,5,6,1,1.89,      NO,      NO,0,0.856,-1.232,1,2,2,          NO,E,0.666,116.333,0.018,0.088,0.893,E,0.533,76.877,0.018,0.088,0.893
13,TS,0.27100988,0.037423366,7,3,5,1.89,      NO,      NO,0,0.619,-1.617,0,0,0,          NO,E,0.386,55.551,0.109,0.005,0.886,E,0.407,59.556,0.115,0.016,0.868
14,TS,0.269326737,0.030820353,27,14,18,2.32,      NO,      NO,0,2.348,-0.919,0,1,0,YES,E,0.405,70.823,0.782,0.003,0.216,E,0.49,38.587,0.782,0.003,0.216
15,TS,0.269326737,0.06721425,27,14,18,2.32,      NO,      NO,0,1.997,-0.919,0,0,0,YES,E,0.405,70.823,0.782,0.003,0.216,E,0.439,90.282,0.858,0.002,0.139
16,TS,0.269326737,0.042206544,27,14,18,1.975,      NO,      NO,0,2.214,-0.919,1,0,0,YES,E,0.405,70.823,0.782,0.003,0.216,E,0.397,70.833,0.782,0.003,0.216
17,TS,0.192278584,0.088427701,122,53,2,1.995,      NO,      NO,0,1.59,-1.439,0,0,0,          NO,B,0.23,46.161,0.268,0.043,0.689,B,0.204,37.371,0.191,0.086,0.723
18,TS,0.032436531,0.014678228,23,9,25,1.845,      NO,      NO,0,1.397,-1.389,1,0,0,YES,B,0.166,30.431,0.923,0.002,0.076,B,0.185,36.938,0.923,0.002,0.076
19,TS,0.032436531,0.019576019,23,9,25,2.19,      NO,      NO,0,2.607,-1.389,0,1,2,YES,B,0.166,30.431,0.923,0.002,0.076,B,0.28,39.76,0.923,0.002,0.076
20,TS,0.032436531,0.060107539,23,9,25,2.19,      NO,      NO,0,2.584,-1.389,1,1,0,YES,B,0.166,30.431,0.923,0.002,0.076,E,0.352,62.814,0.858,0.002,0.139
21,TS,0.339874108,0.038475254,92,101,132,1.905,      NO,      NO,0,2.68,-1.417,0,1,0,YES,B,0.215,39.44,0.6,0.003,0.397,E,0.382,54.234,0.43,0.016,0.555
22,TS,0.339874108,0.011203377,92,101,132,1.905,      NO,      NO,0,2.551,-1.417,1,1,2,YES,B,0.215,39.44,0.6,0.003,0.397,E,0.31,71.082,0.339,0.016,0.645
23,TS,0.086273741,0.004459405,109,18,48,3.385,      NO,      NO,0,1.865,-0.996,1,0,0,YES,B,0.053,9.741,0.069,0.386,0.545,B,0.055,8.423,0.069,0.386,0.545
24,TS,0.725510307,0.065610469,109,18,48,4.355,      NO,      NO,0,2.219,-0.922,1,2,0,YES,B,0.111,16.324,0.021,0.279,0.699,B,0.109,22.318,0.021,0.279,0.699
25,TS,0.725510307,0.02094972,109,18,48,4.355,      NO,      NO,0,1.923,-0.922,0,1,0,YES,B,0.111,16.324,0.021,0.279,0.699,B,0.11,12.845,0.021,0.279,0.699
26,TS,0.725510307,0.012630636,109,18,48,4.005,      NO,      NO,0,2.183,-0.922,1,1,0,YES,B,0.111,16.324,0.021,0.279,0.699,B,0.11,15.257,0.021,0.279,0.699
27,TS,0.285198457,0.034374853,4,5,8,1.725,      NO,      NO,0,0.959,-1.285,0,0,0,          NO,B,0.235,33.361,0.058,0.017,0.925,E,0.273,31.96,0.058,0.017,0.925
28,TS,0.057087506,0.024077439,23,9,25,1.67,      NO,      NO,0,2.606,-1.812,1,2,0,YES,E,0.298,53.276,0.923,0.002,0.076,E,0.319,57.99,0.858,0.002,0.139
29,TS,0.057087506,0.018467922,23,9,25,2.015,      NO,      NO,0,1.909,-1.812,1,1,2,YES,E,0.298,53.276,0.923,0.002,0.076,E,0.346,49.026,0.923,0.002,0.076
30,TS,0.057087506,0.076543965,23,9,25,2.015,      NO,      NO,0,1.636,-1.812,0,1,2,YES,E,0.298,53.276,0.923,0.002,0.076,E,0.364,83.379,0.923,0.002,0.076
31,TS,0.354889076,0.048697869,19,12,26,1.725,      NO,      NO,0,1.995,-1.579,0,1,1,YES,E,0.491,112.508,0.858,0.002,0.139,E,0.502,89.675,0.858,0.002,0.139
32,TS,0.047162792,0.008502798,42,13,25,3.025,      NO,      NO,0,3.756,-1.283,0,0,1,YES,B,0.17,38.953,0.97,0.001,0.03,B,0.169,23.671,0.97,0.001,0.03
33,TS,0.047162792,0.052700518,42,13,25,1.61,      NO,      NO,0,2.055,-1.283,1,0,1,YES,B,0.17,38.953,0.97,0.001,0.03,B,0.189,22.198,0.97,0.001,0.03
34,TS,0.356493241,0.003140636,122,53,2,2.545,      NO,      NO,0,3.613,-1.282,0,0,1,          NO,E,0.393,90.089,0.988,0,0.012,E,0.329,46.164,0.988,0,0.012
35,TS,0.356493241,0.021123481,122,53,2,2.545,      NO,      NO,0,2.961,-1.282,0,1,1,          NO,E,0.393,90.089,0.988,0,0.012,E,0.422,76.798,0.988,0,0.012
36,TS,0.221511671,0.005073421,122,53,2,2.095,      NO,      NO,0,3.656,-1.302,0,0,1,          NO,E,0.411,94.073,0.118,0.15,0.732,E,0.39,54.686,0.118,0.15,0.732
37,TS,0.221511671,0.021668623,122,53,2,2.095,      NO,      NO,0,2.849,-1.302,0,1,1,          NO,E,0.411,94.073,0.118,0.15,0.732,E,0.42,76.453,0.118,0.15,0.732
38,TS,0.101044931,0.010896976,109,18,48,3.52,      NO,      NO,0,3.798,-1.044,0,1,0,YES,E,0.465,99.435,0.6,0.003,0.397,E,0.501,70.368,0.502,0.002,0.495
39,TS,0.101044931,0.080664234,109,18,48,0.23,      NO,      NO,0,1.434,-1.044,0,0,0,YES,E,0.465,99.435,0.6,0.003,0.397,E,0.489,89.004,0.502,0.002,0.495
40,TS,0.282459529,0.037783983,11,9,69,4.52,      NO,      NO,0,1.697,-1.158,1,1,2,YES,B,0.096,16.701,0.923,0.002,0.076,B,0.102,11.295,0.97,0.001,0.03
41,TS,0.839255575,0.004770043,8,14,26,4.76,      NO,      NO,0,3.583,-1.281,0,0,1,YES,B,0.265,60.593,0.831,0.044,0.125,B,0.245,34.342,0.66,0.049,0.291
42,TS,0.54717314,0.002588026,8,7,64,4.445,      NO,      NO,0,2.085,-1.149,1,1,0,YES,B,0.057,7.92,0.021,0.756,0.223,B,0.057,11.663,0.021,0.451,0.528
43,TS,0.286791445,0.078840378,8,7,64,2.27,      NO,      NO,0,1.429,-1.201,0,1,0,YES,B,0.275,42.329,0.021,0.279,0.699,E,0.317,34.9,0.052,0.084,0.864
44,TS,0.294781758,0.026621929,2,3,2,3.865,      NO,      NO,0,1.928,-1.005,1,1,2,YES,B,0.179,31.271,0.018,0.846,0.136,B,0.205,22.558,0.018,0.846,0.136
45,TS,0.294781758,0.421481244,2,3,2,2.215,      NO,      NO,0,1.644,-1.005,1,2,0,YES,B,0.179,31.271,0.018,0.846,0.136,B,0.209,30.117,0.018,0.846,0.136
46,TS,0.294781758,0.025057051,2,3,2,3.515,      NO,      NO,0,2.209,-1.005,0,1,0,YES,B,0.179,31.271,0.018,0.846,0.136,B,0.192,15.095,0.018,0.846,0.136
47,TS,0.294781758,0.029410898,2,3,2,3.865,      NO,      NO,0,1.858,-1.005,0,0,0,YES,B,0.179,31.271,0.018,0.846,0.136,B,0.21,43.279,0.018,0.846,0.136
48,TS,0.294781758,0.008523229,2,3,2,3.865,      NO,      NO,0,2.379,-1.005,1,1,0,YES,B,0.179,31.271,0.018,0.846,0.136,B,0.218,33.522,0.018,0.846,0.136
49,TS,0.065327644,0.06533679,239,439,473,1.07,      NO,      NO,0,2.169,-1.064,1,1,1,YES,E,0.639,146.216,0.018,0.019,0.964,E,0.657,120.205,0.018,0.019,0.964
50,TS,0.065327644,0.045238807,239,439,473,1.675,      NO,      NO,0,2.26,-1.064,0,1,1,YES,E,0.639,146.216,0.018,0.019,0.964,E,0.651,116.322,0.018,0.019,0.964
51,TS,0.054412031,0.051405506,21,31,282,1.325,      NO,      NO,0,1.865,-1.385,1,1,0,YES,E,0.522,111.573,0.053,0.043,0.903,E,0.418,83.953,0.053,0.043,0.903
52,TS,0.185285018,0.019508208,27,12,23,2.75,      NO,      NO,0,1.245,-1.246,0,0,0,          NO,B,0.212,24.893,0.018,0.047,0.935,B,0.212,30.125,0.018,0.047,0.935
53,TS,0.642364101,0.005964381,11,4,7,1.095,      NO,  REPEAT,0,0.817,-1.619,0,0,0,YES,B,0.209,24.483,0.021,0.279,0.699,B,0.209,16.44,0.021,0.279,0.699
54,TS,0.080611819,0.047174584,2,3,2,-3.395,      NO,      NO,0,1.98,-1.066,0,0,1,YES,B,0.231,25.401,0.802,0.014,0.185,B,0.21,29.182,0.858,0.002,0.139
55,TS,0.080611819,0.051544488,2,3,2,1.76,      NO,      NO,0,1.992,-1.066,0,1,0,YES,B,0.231,25.401,0.802,0.014,0.185,B,0.184,28.235,0.923,0.002,0.076
56,TS,,,,,,1.465,      NO,      NO,0,2.74,-0.924,0.5,1.5,0,YES,B,0.032,4.568,0.001,0.9,0.099,B,0.033,6.006,0.021,0.756,0.223
57,TS,0.529294654,0.040166981,3,2,7,2.9,      NO,      NO,0,2.26,-1.064,0,1,1,          NO,B,0.201,46.029,0.694,0.003,0.303,B,0.206,36.756,0.694,0.003,0.303
58,TS,0.07521309,0.046736492,39,172,106,0.91,      NO,      NO,0,1.523,-1.832,0,1,0,YES,E,0.576,100.627,0.005,0.015,0.979,E,0.575,45.276,0.005,0.015,0.979
59,TS,0.126773912,0.058234344,239,439,473,0.555,      NO,      NO,0,1.991,-1.297,1,2,0,YES,E,0.312,64.24,0.109,0.005,0.886,E,0.324,47.434,0.053,0.005,0.942
60,TS,0.545659568,0.004490416,20,56,29,4.475,      NO,      NO,0,3.818,-1.281,0,0,1,YES,B,0.124,28.327,0.064,0.216,0.721,B,0.125,30.062,0.064,0.216,0.721
61,TS,0.112155385,0.043953193,239,439,473,3.025,      NO,      NO,0,1.854,-1.281,1,1,1,YES,B,0.172,39.365,0.125,0.227,0.648,B,0.159,29.058,0.135,0.317,0.548
62,TS,0.112155385,0.051586256,239,439,473,2.9,      NO,      NO,0,1.945,-1.281,0,1,1,YES,B,0.172,39.365,0.125,0.227,0.648,B,0.166,29.737,0.066,0.296,0.638
63,TS,0.063237361,0.031725326,239,439,473,1.465,      NO,      NO,0,2.726,-1.281,0,1,1,YES,E,0.5,114.5,0.018,0.047,0.935,E,0.5,90.968,0.018,0.047,0.935
64,TS,0.666223553,0.005999555,20,56,29,3.815,      NO,      NO,0,3.458,-1.181,0,1,0,YES,B,0.069,14.703,0.066,0.296,0.638,B,0.068,9.547,0.064,0.216,0.721
65,TS,0.301034621,0.029868825,186,85,94,2.42,      NO,  REPEAT,0,1.565,-1.433,0,0,0,          NO,B,0.069,12.478,0.975,0.003,0.022,B,0.066,14.04,0.975,0.003,0.022
66,TS,0.292444609,0.061326085,186,85,94,2.48,      NO,  REPEAT,0,2.204,-1.115,0,1,0,          NO,B,0.024,3.406,0.831,0.044,0.125,B,0.023,4.175,0.802,0.014,0.185
67,TS,0.181001493,0.060499511,12,25,15,1.745,      NO,      NO,0,2.772,-1.317,1,2,0,YES,B,0.055,10.101,0.001,0.9,0.099,B,0.054,10.805,0.011,0.918,0.071
68,TS,0.160214778,0.034941152,12,25,15,0.17,      NO,      NO,0,1.846,-1.543,0,0,2,YES,E,0.32,65.906,0.069,0.386,0.545,E,0.331,57.808,0.069,0.386,0.545
69,TS,0.060557618,0.069662718,239,439,473,0.3,      NO,      NO,0,1.439,-1.578,0,0,2,YES,B,0.09,18.049,0.022,0.552,0.426,B,0.095,14.555,0.022,0.552,0.426
70,TS,0.08709986,0.08016887,494,355,383,-0.55,      NO,      NO,0,-0.608,-2.694,0,1,0,          NO,E,0.425,60.35,0.782,0.003,0.216,B,0.263,48.155,0.622,0.015,0.363
71,TS,0.502806437,0.029320745,12,25,15,2.935,      NO,      NO,0,4.29,-0.825,0,0,1,YES,B,0.198,45.25,0.064,0.216,0.721,B,0.191,26.774,0.064,0.216,0.721
72,TS,0.502806437,0.04401301,12,25,15,2.99,      NO,      NO,0,2.561,-0.825,1,0,3,YES,B,0.198,45.25,0.064,0.216,0.721,B,0.197,15.512,0.064,0.216,0.721
73,TS,0.502806437,0.015690968,12,25,15,4.07,      NO,      NO,0,3.433,-0.825,0,1,1,YES,B,0.198,45.25,0.064,0.216,0.721,B,0.209,38.072,0.064,0.216,0.721
74,TS,0.502806437,0.063156469,12,25,15,2.97,      NO,      NO,0,2.561,-0.825,1,1,1,YES,B,0.198,45.25,0.064,0.216,0.721,B,0.198,36.162,0.064,0.216,0.721
75,TS,0.502806437,0.03008255,12,25,15,3.645,      NO,      NO,0,2.589,-0.825,1,0,1,YES,B,0.198,45.25,0.064,0.216,0.721,B,0.206,24.096,0.064,0.216,0.721
76,TS,0.116936994,0.034357326,494,355,383,0.805,      NO,      NO,0,0.482,-1.69,1,0,1,          NO,E,0.449,102.913,0.321,0.003,0.675,E,0.533,41.963,0.176,0.004,0.82
77,TS,0.116936994,0.080317319,494,355,383,0.46,      NO,      NO,0,1.033,-1.69,0,1,1,          NO,E,0.449,102.913,0.321,0.003,0.675,E,0.423,75.476,0.339,0.016,0.645
78,TS,0.130352886,0.028067302,494,355,383,0.695,      NO,      NO,0,2.444,-2.011,0,1,1,          NO,E,0.353,80.745,0.43,0.016,0.555,E,0.419,76.271,0.109,0.005,0.886
79,TS,0.075418702,0.009239754,12,25,15,0.825,      NO,      NO,0,3.005,-2.124,1,1,0,YES,E,0.548,64.167,0.184,0.043,0.773,E,0.501,70.368,0.184,0.043,0.773
80,TS,0.655229319,0.006016197,12,25,15,3.47,      NO,      NO,0,3.945,-1.026,0,1,0,YES,B,0.081,17.224,0.113,0.087,0.8,B,0.077,10.825,0.113,0.087,0.8
81,TS,,,,,,2.745,      NO,      NO,0,1.487,-1.255,0,0,1,YES,E,0.471,82.354,0.923,0.002,0.076,E,0.477,98.098,0.923,0.002,0.076
82,TS,,,,,,2.61,      NO,      NO,0,1.561,-1.386,0,0,1,YES,E,0.468,81.672,0.181,0.016,0.803,E,0.505,103.961,0.115,0.016,0.868
83,TS,0.092840715,0.039364535,6,36,12,2.095,      NO,      NO,0,1.791,-1.448,0,1,0,YES,E,0.28,40.377,0.018,0.019,0.964,E,0.634,49.856,0.058,0.017,0.925
84,TS,0.092840715,0.109245242,6,36,12,2.095,      NO,      NO,0,1.548,-1.448,0,0,0,YES,E,0.28,40.377,0.018,0.019,0.964,E,0.647,132.985,0.115,0.016,0.868
85,TS,0.223885616,0.026215616,1,5,8,2.4,      NO,      NO,0,0.809,-1.666,1,1,1,YES,B,0.245,56.174,0.938,0.007,0.055,B,0.173,31.621,0.975,0.003,0.022
86,TS,0.223885616,0.070196979,1,5,8,2.54,      NO,      NO,0,2.044,-1.666,0,1,1,YES,B,0.245,56.174,0.938,0.007,0.055,B,0.22,39.363,0.938,0.007,0.055
87,TS,0.179744299,0.00803595,1,2,4,2.345,      NO,      NO,0,3.872,-1.079,1,0,0,          NO,E,0.307,24.122,0.004,0.085,0.91,E,0.33,46.388,0.005,0.015,0.979
88,TS,,,,,,2.54,      NO,      NO,0,3.516,-1.685,0.5,1.5,0,YES,E,0.684,140.719,0.622,0.015,0.363,E,0.726,101.944,0.43,0.016,0.555
89,TS,,,,,,2.335,      NO,      NO,0,2.775,-1.685,0.5,1.5,0,YES,E,0.684,140.719,0.622,0.015,0.363,E,0.674,122.546,0.339,0.016,0.645
90,TS,,,,,,2.335,      NO,      NO,0,2.156,-1.685,0.5,1.5,0,YES,E,0.684,140.719,0.622,0.015,0.363,E,0.669,94.959,0.339,0.016,0.645
91,TS,0.138264052,0.002943311,2,2,7,3.375,      NO,      NO,0,1.661,-1.219,0,0,1,YES,B,0.108,24.778,0.021,0.756,0.223,B,0.128,30.736,0.023,0.655,0.322
92,TS,0.179299085,0.002362039,5,1,16,2.865,      NO,      NO,0,3.41,-1.619,0,0,1,          NO,E,0.424,97.096,0.858,0.002,0.139,E,0.421,59.08,0.782,0.003,0.216
93,TS,0.179299085,0.003282861,5,1,16,2.52,      NO,      NO,0,0.988,-1.619,0,1,1,          NO,E,0.424,97.096,0.858,0.002,0.139,E,0.394,71.65,0.858,0.002,0.139
94,TS,0.179299085,0.002957917,5,1,16,1.965,      NO,      NO,0,0.78,-1.619,1,1,1,          NO,E,0.424,97.096,0.858,0.002,0.139,E,0.439,62.28,0.858,0.002,0.139
95,TS,0.179299085,0.009046566,5,1,16,2.865,      NO,      NO,0,1.716,-1.619,1,0,1,          NO,E,0.424,97.096,0.858,0.002,0.139,E,0.445,52.131,0.782,0.003,0.216
96,TS,0.829933253,0.005358935,2,2,7,3.325,      NO,      NO,0,3.499,-1.31,1,1,0,YES,B,0.048,5.661,0.113,0.087,0.8,B,0.046,6.501,0.268,0.043,0.689
97,TS,0.849761124,0.016360588,3,2,18,3.855,      NO,      NO,0,1.943,-1.057,0,0,1,YES,B,0.111,15.923,0.064,0.216,0.721,B,0.108,15.767,0.064,0.216,0.721
98,TS,0.849761124,0.002888465,3,2,18,3.855,      NO,      NO,0,3.107,-1.057,1,0,1,YES,B,0.111,15.923,0.064,0.216,0.721,B,0.116,24.704,0.064,0.216,0.721
99,TS,0.655904552,0.002122077,14,13,40,3.56,      NO,      NO,0,3.678,-1.415,0,0,1,          NO,B,0.122,27.869,0.782,0.003,0.216,B,0.146,35.113,0.802,0.014,0.185
100,TS,0.122805927,0.062868502,1,2,2,3.605,      NO,      NO,0,0.899,-1.958,0,0,1,YES,E,0.497,71.589,0.622,0.015,0.363,E,0.386,56.496,0.622,0.015,0.363
101,TS,,,,,,1.48,      NO,      NO,0,3.205,-1.05,0.5,1.5,0,YES,B,0.113,20.654,0.923,0.002,0.076,B,0.069,10.043,0.97,0.001,0.03
102,TS,0.922147583,0.007599217,14,17,32,4.015,      NO,      NO,0,2.807,-0.741,0,1,1,YES,B,0.125,28.625,0.118,0.15,0.732,B,0.131,23.361,0.118,0.15,0.732
103,TS,0.385405212,0.039064154,1,13,7,2.47,      NO,      NO,0,1.018,-1.43,1,2,0,NO,E,0.487,100.135,0.019,0.141,0.84,E,0.66,96.58,0.058,0.017,0.925
104,TS,0.183439567,0.026651229,1,13,7,1.95,      NO,      NO,0,2.551,-1.849,1,2,2,NO,E,0.524,93.622,0.339,0.016,0.645,E,0.512,93.151,0.339,0.016,0.645
105,TS,0.083124982,0.033959386,44,54,46,1.64,      NO,  REPEAT,0,2.74,-0.883,1,1,0,YES,E,0.641,88.921,0.005,0.045,0.951,B,0.245,37.657,0.004,0.42,0.576
106,TS,0.035387381,0.045596697,26,2,1,0.23,      NO,  REPEAT,0,2.356,-1.002,0,1,1,YES,B,0.032,2.503,0.003,0.718,0.279,E,0.333,59.402,0.005,0.045,0.951
107,TS,0.048937075,0.01707551,44,19,4,2.615,      NO,      NO,0,4.133,-1.064,0,0,1,          NO,E,0.249,56.952,0.004,0.197,0.799,E,0.253,60.847,0.004,0.197,0.799
108,TS,0.04172228,0.021726121,26,2,1,2.53,      NO,  REPEAT,0,2.072,-1.156,0,1,1,YES,B,0.087,15.893,0.001,0.9,0.099,E,0.4,73.277,0.004,0.197,0.799
109,TS,0.1095658,0.184940708,44,54,46,0.405,      NO,  REPEAT,0,1.841,-1.146,1,1,0,YES,E,0.636,91.691,0.052,0.084,0.864,B,0.158,21.873,0.001,0.9,0.099
110,TS,0.051942913,0.009930445,23,15,180,2.36,      NO,      NO,0,3.308,-1.516,1,2,2,YES,B,0.15,36.099,0.052,0.084,0.864,B,0.154,21.622,0.052,0.084,0.864
111,TS,0.051942913,0.130495048,23,15,180,2.36,      NO,      NO,0,1.618,-1.516,1,1,0,YES,B,0.15,36.099,0.052,0.084,0.864,B,0.16,29.296,0.052,0.084,0.864
112,TS,0.113642241,0.080479724,10,287,6,1.46,      NO,      NO,0,0.707,-1.988,0,0,0,          NO,E,0.565,66.206,0.97,0.001,0.03,E,0.541,76.725,0.97,0.001,0.03
113,TS,0.938915306,0.004619864,1,2,8,4.4,      NO,      NO,0,1.728,-1.311,0,0,0,YES,B,0.096,17.39,0.019,0.141,0.84,B,0.097,20.622,0.019,0.141,0.84
114,TS,0.87766527,0.013352923,239,439,473,3.92,      NO,      NO,0,2.485,-0.738,0,0,0,YES,B,0.067,9.655,0.022,0.552,0.426,B,0.068,9.97,0.079,0.592,0.329
115,TS,0.025313941,0.193857873,14,52,12,-0.9,      NO,      NO,0,3.077,-0.788,0,0,0,YES,B,0.221,17.369,0.352,0.332,0.316,B,0.199,45.64,0.352,0.332,0.316
116,TS,0.452838377,0.030020044,14,52,12,4.28,      NO,      NO,0,2.549,-1.014,1,1,0,YES,B,0.185,14.559,0.109,0.005,0.886,B,0.189,29.095,0.109,0.005,0.886
117,TS,0.073328202,0.035686957,239,439,473,1.275,      NO,      NO,0,1,-1.625,1,1,1,YES,E,0.438,100.21,0.002,0.816,0.182,E,0.419,76.719,0.002,0.816,0.182
118,TS,0.073328202,0.009685455,239,439,473,2.885,      NO,      NO,0,3.831,-1.625,0,0,1,YES,E,0.438,100.21,0.002,0.816,0.182,E,0.436,104.834,0.002,0.816,0.182
119,TS,0.248458363,0.006551639,14,52,12,0.66,      NO,      NO,0,2.397,-1.02,0,1,1,YES,B,0.141,16.478,0.115,0.016,0.868,B,0.144,26.421,0.053,0.005,0.942
120,TS,0.055286308,0.055902845,224,69,360,0.58,      NO,      NO,0,0.133,-2.203,0,0,1,YES,E,0.371,43.528,0.339,0.016,0.645,B,0.16,22.234,0.011,0.918,0.071
121,TS,0.436524839,0.00612939,618,166,503,2.8,      NO,      NO,0,3.929,-1.104,0,0,1,YES,E,0.455,79.419,0.782,0.003,0.216,B,0.228,32.011,0.199,0.152,0.649
122,TS,0.198616391,0.065768781,618,166,503,0.065,      NO,      NO,0,0.443,-1.561,0,1,0,YES,E,0.412,76.276,0.113,0.043,0.844,B,0.049,5.356,0.074,0.484,0.442
123,TS,0.198616391,0.040791155,618,166,503,0.17,      NO,      NO,0,2.358,-1.561,1,0,0,YES,E,0.412,76.276,0.113,0.043,0.844,B,0.057,11.36,0.069,0.386,0.545
124,TS,0.372644648,0.044316421,4,4,95,2.225,      NO,      NO,0,2.458,-0.999,0,1,2,YES,B,0.207,37.708,0.782,0.003,0.216,B,0.209,47.975,0.782,0.003,0.216
125,TS,0.315767214,0.001408303,4,4,95,3.995,      NO,      NO,0,4.017,-1.341,0,0,1,YES,B,0.234,53.54,0.879,0.01,0.111,B,0.229,55.099,0.802,0.014,0.185
126,TS,0.173511743,0.064760463,98,3,153,0.55,      NO,      NO,0,1.885,-1.384,0,1,2,YES,E,0.523,119.721,0.199,0.152,0.649,E,0.522,93.265,0.199,0.152,0.649
127,TS,0.129406069,0.034390325,8,2,12,1.545,      NO,      NO,0,1.397,-1.607,0,1,1,YES,E,0.651,149.079,0.522,0.016,0.462,E,0.634,113.304,0.339,0.016,0.645
128,TS,0.171248425,0.048001165,28,7,33,3.23,      NO,      NO,0,3.079,-0.923,1,1,0,          NO,E,0.322,49.445,0.113,0.087,0.8,E,0.471,67.842,0.113,0.087,0.8
129,TS,0.073105623,0.019407222,33,8,51,3.335,      NO,      NO,0,1.047,-1.637,1,1,1,YES,E,0.423,96.753,0.97,0.001,0.03,E,0.402,73.625,0.97,0.001,0.03
130,TS,0.073105623,0.086906713,33,8,51,2.53,      NO,      NO,0,0.984,-1.637,0,1,1,YES,E,0.423,96.753,0.97,0.001,0.03,E,0.412,73.494,0.97,0.001,0.03
131,TS,0.086666315,0.044497601,1,2,1,1.245,      NO,      NO,0,1.561,-2.236,0,0,1,          NO,E,0.59,46.409,0.257,0.016,0.727,E,0.562,128.629,0.257,0.016,0.727
132,TS,0.133351071,0.051718486,1,2,1,2.19,      NO,      NO,0,1.787,-1.398,0,1,1,          NO,E,0.587,134.377,0.717,0.014,0.269,E,0.577,103.106,0.802,0.014,0.185
133,TS,0.125552661,0.072632703,1,4,1,0.895, MOD_RES,      NO,0,-0.287,-2.215,0,1,0,          NO,E,0.471,55.201,0.43,0.016,0.555,E,0.39,71.464,0.43,0.016,0.555
134,TS,0.093618244,0.026175799,11,8,19,1.155,      NO,      NO,0,1.11,-2.106,1,2,0,YES,B,0.166,30.618,0.97,0.001,0.03,B,0.162,32.376,0.97,0.001,0.03
135,TS,0.093618244,0.101744552,11,8,19,-0.075,      NO,      NO,0,0.032,-2.106,0,0,2,YES,B,0.166,30.618,0.97,0.001,0.03,B,0.166,25.591,0.97,0.001,0.03
136,TS,0.093948361,0.024139398,28,17,2,1.39,      NO,      NO,0,2.033,-2.591,1,1,0,          NO,E,0.515,73.107,0.113,0.087,0.8,E,0.436,79.254,0.056,0.142,0.802
137,TS,0.075210081,0.014318971,54,143,155,1.54,      NO,      NO,0,0.42,-2.386,1,1,1,YES,E,0.38,86.906,0.988,0,0.012,E,0.392,71.794,0.988,0,0.012
138,TS,0.075210081,0.066618697,54,143,155,0.875,      NO,      NO,0,0.2,-2.386,0,1,1,YES,E,0.38,86.906,0.988,0,0.012,E,0.39,69.743,0.97,0.001,0.03
139,TS,0.008152994,0.022011505,11,8,19,0.87,      NO,      NO,0,1.158,-2.152,1,1,0,YES,B,0.221,53.102,0.988,0,0.012,E,0.235,42.937,0.988,0,0.012
140,TS,0.008152994,0.065898474,11,8,19,2.05,      NO,      NO,0,0.927,-2.152,1,0,0,YES,B,0.221,53.102,0.988,0,0.012,B,0.223,50.998,0.97,0.001,0.03
141,TS,0.075261994,0.345096911,9,61,20,1.78,      NO,  REPEAT,0,2,-1.206,0,1,0,NO,E,0.502,72.309,0.053,0.043,0.903,E,0.536,42.215,0.018,0.047,0.935
142,TS,0.206804785,0.029707373,20,34,42,2.785,      NO,      NO,0,2.141,-1.117,0,1,0,          NO,E,0.329,47.394,0.605,0.105,0.29,E,0.377,29.654,0.802,0.014,0.185
143,TS,0.178178397,0.021719387,4,3,1,2.71,      NO,      NO,0,1.084,-1.19,0,1,0,          NO,E,0.352,50.666,0.455,0.046,0.498,E,0.251,19.73,0.694,0.003,0.303
144,TS,0.17183166,0.063331655,2,2,2,2.475,      NO,      NO,0,2.821,-1.043,0,0,0,YES,E,0.662,52.076,0.005,0.015,0.979,E,0.658,150.682,0.005,0.015,0.979
145,TS,0.157633904,0.110561871,4,3,1,2.72,      NO,      NO,0,1.825,-1.243,0,0,0,          NO,E,0.37,76.15,0.339,0.016,0.645,E,0.393,68.71,0.257,0.016,0.727
146,TS,0.156850838,0.140305934,4,3,1,2.945,      NO,      NO,0,2.783,-1.218,0,1,2,          NO,B,0.128,23.364,0.561,0.047,0.393,B,0.155,21.994,0.118,0.15,0.732
147,TS,0.1123552,0.04956353,4,3,1,2.72,      NO,      NO,0,1.082,-1.398,0,0,0,          NO,E,0.422,61.825,0.43,0.016,0.555,E,0.477,68.721,0.43,0.016,0.555
148,TS,0.905561578,0.021074742,1,8,1,3.295,      NO,      NO,0,2.292,-0.749,1,0,0,YES,B,0.059,10.821,0.858,0.002,0.139,B,0.055,10.249,0.879,0.01,0.111
149,TS,0.905561578,0.014701438,1,8,1,3.295,      NO,      NO,0,2.253,-0.749,1,0,0,YES,B,0.059,10.821,0.858,0.002,0.139,B,0.067,10.359,0.858,0.002,0.139
150,TS,0.781343817,0.004461813,1,8,1,3.32,      NO,      NO,0,4,-0.737,1,1,0,YES,E,0.351,49.835,0.018,0.019,0.964,E,0.415,75.507,0.018,0.019,0.964
151,TS,0.781343817,0.007960448,1,8,1,3.32,      NO,      NO,0,3.253,-0.737,1,1,2,YES,E,0.351,49.835,0.018,0.019,0.964,E,0.304,69.662,0.005,0.015,0.979
152,TS,0.781343817,0.013565303,1,8,1,2.975,      NO,      NO,0,1.909,-0.737,0,0,0,YES,E,0.351,49.835,0.018,0.019,0.964,E,0.321,37.621,0.018,0.019,0.964
153,TS,0.154160656,0.095796417,1,8,1,3.3,      NO,      NO,0,1.984,-0.777,1,0,0,YES,B,0.032,4.934,0.923,0.002,0.076,B,0.027,4.87,0.923,0.002,0.076
154,TS,0.283345012,0.009432539,15,22,66,1.9,      NO,TRANSMEM,-1,1.691,-1.378,0.5,1.5,0,YES,B,0.234,25.754,0.988,0,0.012,B,0.232,46.443,0.988,0,0.012
155,TS,0.283345012,0.028587092,15,22,66,2.125,      NO,TRANSMEM,1,1.154,-1.378,0,1,0,YES,B,0.234,25.754,0.988,0,0.012,B,0.216,33.184,0.988,0,0.012
156,TS,0.05109493,0.006020108,15,22,66,1.95,      NO,      NO,0,2.97,-2.104,0.5,1.5,0,YES,E,0.329,48.136,0.022,0.359,0.619,E,0.28,39.298,0.021,0.451,0.528
157,TS,0.05109493,0.09544167,15,22,66,2.51,      NO,      NO,0,0.124,-2.104,0,1,0,YES,E,0.329,48.136,0.022,0.359,0.619,E,0.261,30.577,0.021,0.451,0.528
158,TS,0.168552164,0.033095432,87,25,146,2.165,      NO,      NO,0,1.479,-1.98,0,0,0,YES,B,0.201,23.545,0.056,0.142,0.802,E,0.356,28.025,0.113,0.087,0.8
159,TS,0.168552164,0.039577678,87,25,146,2.47,      NO,      NO,0,0.966,-1.98,1,1,0,YES,B,0.201,23.545,0.056,0.142,0.802,B,0.18,33.245,0.019,0.141,0.84
160,TS,0.168552164,0.037571481,87,25,146,2.24,      NO,      NO,0,0.535,-1.98,0.5,1.5,0,YES,B,0.201,23.545,0.056,0.142,0.802,B,0.173,31.695,0.02,0.205,0.775
161,TS,0.168552164,0.05032416,87,25,146,2.155,      NO,      NO,0,1.5,-1.98,1,1,2,YES,B,0.201,23.545,0.056,0.142,0.802,B,0.211,29.224,0.022,0.359,0.619
162,TS,0.048810003,0.011775196,15,22,66,0.925,      NO,TRANSMEM,-2,2.302,-1.686,0.5,1.5,0,YES,B,0.158,21.928,0.988,0,0.012,B,0.165,33.156,0.97,0.001,0.03
163,TS,0.048810003,0.031681575,15,22,66,1.32,      NO,TRANSMEM,-1,1.883,-1.686,0.5,1.5,0,YES,B,0.158,21.928,0.988,0,0.012,B,0.173,13.631,0.97,0.001,0.03
164,TS,0.048810003,0.014260954,15,22,66,1.25,      NO,TRANSMEM,0,2.604,-1.686,0,1,1,YES,B,0.158,21.928,0.988,0,0.012,B,0.179,35.838,0.988,0,0.012
165,TS,0.142137554,0.067190057,15,22,66,1.745,      NO,TRANSMEM,-1,1.245,-1.717,1,0,0,YES,B,0.169,25.96,0.988,0,0.012,B,0.206,41.424,0.988,0,0.012
166,TS,0.142137554,0.015193007,15,22,66,2.51,      NO,TRANSMEM,-2,1.942,-1.717,1,1,0,YES,B,0.169,25.96,0.988,0,0.012,B,0.208,16.338,0.988,0,0.012
167,TS,0.142137554,0.017354213,15,22,66,2.125,      NO,TRANSMEM,-8,2.109,-1.717,0.5,1.5,0,YES,B,0.169,25.96,0.988,0,0.012,B,0.192,39.597,0.988,0,0.012
168,TS,0.067951572,0.117459698,15,22,66,2.27,      NO,      NO,0,1.394,-1.7,0,1,2,YES,B,0.205,31.508,0.97,0.001,0.03,B,0.159,17.467,0.97,0.001,0.03
169,TS,0.067951572,0.098629981,15,22,66,2.24,      NO,      NO,0,1.991,-1.7,1,1,0,YES,B,0.205,31.508,0.97,0.001,0.03,B,0.185,32.372,0.97,0.001,0.03
170,TS,0.067951572,0.029416781,15,22,66,2.24,      NO,      NO,0,1.924,-1.7,1,1,0,YES,B,0.205,31.508,0.97,0.001,0.03,B,0.14,11.057,0.97,0.001,0.03
171,TS,0.500719107,0.059131589,218,3,94,3.575,      NO,      NO,0,1.485,-1.057,1,2,0,YES,B,0.263,37.913,0.005,0.015,0.979,B,0.263,46.016,0.005,0.015,0.979
172,TS,0.500719107,0.107028513,218,3,94,3.14,      NO,      NO,0,1.853,-1.057,0,1,0,YES,B,0.263,37.913,0.005,0.015,0.979,B,0.252,19.832,0.005,0.015,0.979
173,TS,0.500719107,0.013397194,218,3,94,3.69,      NO,      NO,0,3.175,-1.057,1,0,0,YES,B,0.263,37.913,0.005,0.015,0.979,B,0.297,53.988,0.003,0.003,0.994
174,TS,0.867985734,0.008076473,130,17,67,4.45,      NO,      NO,0,1.854,-1.281,1,0,1,YES,B,0.062,14.267,0.717,0.014,0.269,B,0.053,4.195,0.6,0.003,0.397
175,TS,0.867985734,0.006976137,130,17,67,3.9,      NO,      NO,0,1.854,-1.281,1,1,1,YES,B,0.062,14.267,0.717,0.014,0.269,B,0.061,11.242,0.717,0.014,0.269
176,TS,0.867985734,0.00476866,130,17,67,4.105,      NO,      NO,0,2.376,-1.281,1,1,1,YES,B,0.062,14.267,0.717,0.014,0.269,B,0.049,6.911,0.694,0.003,0.303
177,TS,0.867985734,0.011296187,130,17,67,3.9,      NO,      NO,0,1.945,-1.281,0,1,1,YES,B,0.062,14.267,0.717,0.014,0.269,B,0.052,9.198,0.6,0.003,0.397
178,TS,0.175199492,0.008472921,218,3,94,3.8,      NO,      NO,0,3.335,-1.442,0,0,1,YES,E,0.346,79.257,0.975,0.003,0.022,E,0.32,44.886,0.975,0.003,0.022
179,TS,0.175199492,0.027509332,218,3,94,2.675,      NO,      NO,0,2.779,-1.442,0,1,1,YES,E,0.346,79.257,0.975,0.003,0.022,E,0.368,67.012,0.975,0.003,0.022
180,TS,0.073001886,0.075680859,67,247,159,2.19,      NO,      NO,0,0.795,-1.233,0,0,1,          NO,E,0.568,78.782,0.004,0.085,0.91,E,0.449,65.734,0.019,0.141,0.84
181,TS,0.097954715,0.005731317,53,206,151,2.97,      NO,      NO,0,2.988,-0.972,0,1,0,YES,E,0.381,44.688,0.004,0.138,0.858,B,0.148,20.987,0.001,0.959,0.04
182,TS,0.051905008,0.036378767,53,206,151,1.755,      NO,      NO,0,2.199,-1.489,0,1,1,YES,E,0.486,86.889,0.004,0.616,0.381,E,0.274,48.847,0.005,0.262,0.733
183,TS,0.246972076,0.037484416,17,3,19,2.17,      NO,      NO,0,1.968,-1.176,0,1,0,YES,E,0.668,96.302,0.113,0.087,0.8,E,0.659,51.879,0.113,0.087,0.8
184,TS,0.246972076,0.06442265,17,3,19,1.365,      NO,      NO,0,2.058,-1.176,0,0,0,YES,E,0.668,96.302,0.113,0.087,0.8,E,0.655,95.965,0.113,0.087,0.8
185,TS,0.153129701,0.08819015,12,4,14,2.085,      NO,      NO,0,1.492,-1.901,0,0,1,YES,E,0.523,91.438,0.938,0.007,0.055,E,0.548,112.641,0.879,0.01,0.111
186,TS,0.510992687,0.030561324,12,4,14,2.345,      NO,      NO,0,2.261,-0.972,0,1,0,YES,B,0.188,32.913,0.918,0.063,0.019,B,0.189,14.874,0.911,0.033,0.057
187,TS,0.510992687,0.048093416,12,4,14,3.04,      NO,      NO,0,1.91,-0.972,0,0,1,YES,B,0.188,32.913,0.918,0.063,0.019,B,0.185,38.137,0.87,0.077,0.053
188,TS,0.521456198,0.027936254,17,3,19,3.44,      NO,      NO,0,2.169,-1.064,1,1,1,YES,B,0.099,22.717,0.97,0.001,0.03,B,0.1,18.347,0.97,0.001,0.03
189,TS,0.521456198,0.003985311,17,3,19,3.44,      NO,      NO,0,4.133,-1.064,0,0,1,YES,B,0.099,22.717,0.97,0.001,0.03,B,0.103,24.82,0.97,0.001,0.03
190,TS,0.491432836,0.032782515,17,3,19,3.45,      NO,      NO,0,2.169,-1.064,0,0,2,YES,B,0.232,53.036,0.257,0.016,0.727,B,0.229,18.03,0.257,0.016,0.727
191,TS,0.491432836,0.019847048,17,3,19,3.45,      NO,      NO,0,2.197,-1.064,1,2,0,YES,B,0.232,53.036,0.257,0.016,0.727,B,0.226,26.546,0.257,0.016,0.727
192,TS,0.491432836,0.024792849,17,3,19,3.45,      NO,      NO,0,4.133,-1.064,1,0,0,YES,B,0.232,53.036,0.257,0.016,0.727,B,0.218,52.549,0.257,0.016,0.727
193,TS,0.067128942,0.180374506,3,6,6,1.245,      NO,      NO,0,0.534,-2.058,0,0,0,          NO,B,0.22,25.772,0.923,0.002,0.076,B,0.236,33.46,0.923,0.002,0.076
194,TS,0.102394733,0.01813539,1,4,2,2.81,      NO,      NO,0,2.033,-1.446,0,1,1,YES,B,0.223,51.136,0.018,0.846,0.136,B,0.199,35.559,0.021,0.756,0.223
195,TS,0.102394733,0.006909624,1,4,2,3.41,      NO,      NO,0,3.413,-1.446,0,0,1,YES,B,0.223,51.136,0.018,0.846,0.136,B,0.21,50.457,0.021,0.756,0.223
196,TS,0.795575124,0.055825753,1,4,10,4.76,      NO,      NO,0,2.09,-1.21,0,1,2,YES,B,0.082,14.989,0.02,0.205,0.775,B,0.086,19.694,0.02,0.205,0.775
197,TS,,,,,,4.415,      NO,      NO,0,3.705,-1.21,0.5,1.5,0,YES,B,0.082,14.989,0.02,0.205,0.775,B,0.084,20.106,0.021,0.279,0.699
198,TS,,,,,,4.21,      NO,      NO,0,1.87,-1.21,0,0,0,YES,B,0.082,14.989,0.02,0.205,0.775,B,0.084,17.994,0.02,0.205,0.775
199,TS,0.408971421,0.069207226,68,2,37,3.595,      NO,      NO,0,1.853,-1.057,0,1,0,YES,B,0.14,20.145,0.021,0.279,0.699,B,0.12,9.436,0.021,0.451,0.528
200,TS,0.408971421,0.01586595,68,2,37,3.595,      NO,      NO,0,3.175,-1.057,1,0,0,YES,B,0.14,20.145,0.021,0.279,0.699,E,0.331,60.173,0.019,0.141,0.84
201,TS,0.408971421,0.006787382,68,2,37,3.595,      NO,      NO,0,2.474,-1.057,1,1,0,YES,B,0.14,20.145,0.021,0.279,0.699,B,0.288,44.219,0.021,0.279,0.699
202,TS,0.408971421,0.008591173,68,2,37,3.595,      NO,      NO,0,3.107,-1.057,1,0,0,YES,B,0.14,20.145,0.021,0.279,0.699,B,0.251,53.724,0.021,0.279,0.699
203,TS,0.889505134,0.019601092,68,2,37,3.765,      NO,      NO,0,1.769,-0.861,1,1,0,YES,B,0.157,12.34,0.021,0.451,0.528,B,0.143,15.715,0.021,0.451,0.528
204,TS,0.889505134,0.010209568,68,2,37,3.765,      NO,      NO,0,2.385,-0.861,0,1,0,YES,B,0.157,12.34,0.021,0.451,0.528,B,0.192,27.595,0.022,0.359,0.619
205,TS,0.889505134,0.014834199,68,2,37,3.765,      NO,      NO,0,2.077,-0.861,0,0,0,YES,B,0.157,12.34,0.021,0.451,0.528,B,0.159,18.693,0.021,0.451,0.528
206,TS,0.889505134,0.00300812,68,2,37,3.765,      NO,      NO,0,2.67,-0.861,1,1,0,YES,B,0.157,12.34,0.021,0.451,0.528,B,0.155,23.777,0.021,0.451,0.528
207,TS,0.318214371,0.004832796,68,2,37,3.485,      NO,      NO,0,3.583,-1.281,0,0,1,YES,B,0.103,23.702,0.021,0.279,0.699,B,0.098,13.829,0.022,0.359,0.619
208,TS,0.318214371,0.11289693,68,2,37,1.895,      NO,      NO,0,1.854,-1.281,1,0,1,YES,B,0.103,23.702,0.021,0.279,0.699,B,0.075,5.871,0.021,0.279,0.699
209,TS,0.318214371,0.020193995,68,2,37,2.79,      NO,      NO,0,2.726,-1.281,0,1,1,YES,B,0.103,23.702,0.021,0.279,0.699,B,0.101,18.463,0.005,0.336,0.66
210,TS,0.318214371,0.026370482,68,2,37,3.485,      NO,      NO,0,2.376,-1.281,1,1,1,YES,B,0.103,23.702,0.021,0.279,0.699,B,0.156,22.108,0.021,0.279,0.699
211,TS,0.318214371,0.089502386,68,2,37,2.445,      NO,      NO,0,1.882,-1.281,1,0,1,YES,B,0.103,23.702,0.021,0.279,0.699,B,0.13,15.259,0.02,0.205,0.775
212,TS,0.407298071,0.056601488,11,9,69,3.975,      NO,      NO,0,1.997,-0.919,0,0,1,YES,B,0.059,10.36,0.97,0.001,0.03,B,0.059,12.157,0.97,0.001,0.03
213,TS,0.282459529,0.047436657,11,9,69,4.38,      NO,      NO,0,1.827,-1.192,0,0,1,YES,B,0.075,13.068,0.97,0.001,0.03,B,0.09,18.595,0.97,0.001,0.03
214,TS,0.516939207,0.049174996,14,17,32,3.67,      NO,      NO,0,1.797,-1.091,0,0,0,          NO,B,0.024,4.857,0.018,0.846,0.136,B,0.022,4.101,0.001,0.9,0.099
215,TS,0.080394461,0.07730706,6,1,13,2.49,      NO,      NO,0,2.133,-0.935,0,0,1,          NO,E,0.453,35.683,0.109,0.005,0.886,E,0.43,50.408,0.109,0.005,0.886
216,TS,0.062947137,0.001833296,8,14,26,4.6,      NO,      NO,0,4.229,-1.002,0,0,1,YES,E,0.238,54.41,0.052,0.084,0.864,E,0.249,59.812,0.052,0.084,0.864
217,TS,0.922147583,0.001786155,14,17,32,5.21,      NO,      NO,0,3.994,-1.002,0,0,1,YES,B,0.233,53.357,0.66,0.049,0.291,B,0.232,32.629,0.66,0.049,0.291
218,TS,0.922147583,0.002267109,14,17,32,4.86,      NO,      NO,0,2.265,-1.002,1,0,3,YES,B,0.233,53.357,0.66,0.049,0.291,B,0.235,18.471,0.66,0.049,0.291
219,TS,0.922147583,0.015701799,14,17,32,4.86,      NO,      NO,0,3.137,-1.002,0,1,1,YES,B,0.233,53.357,0.66,0.049,0.291,B,0.244,44.475,0.66,0.049,0.291
220,TS,0.035300082,0.095104404,6,1,13,3.02,      NO,      NO,0,4.116,-1.111,0,0,1,          NO,B,0.158,36.228,0.923,0.002,0.076,B,0.082,19.721,0.97,0.001,0.03
221,TS,0.54717314,0.00116462,8,7,64,4.25,      NO,      NO,0,3.223,-1.292,0,1,1,YES,B,0.054,7.49,0.004,0.42,0.576,B,0.043,8.504,0.022,0.359,0.619
222,TS,0.607422915,0.015054776,12,1,9,2.31,      NO,      NO,0,2.867,-1.326,0,1,1,          NO,E,0.325,74.402,0.717,0.014,0.269,E,0.339,61.591,0.802,0.014,0.185
223,TS,0.086450784,0.009505925,1,4,2,2.33,      NO,      NO,0,3.436,-1.368,1,1,0,YES,B,0.184,36.929,0.066,0.296,0.638,B,0.188,26.325,0.069,0.386,0.545
224,TS,0.086450784,0.082153979,1,4,2,2.515,      NO,      NO,0,1.462,-1.368,0,0,0,YES,B,0.184,36.929,0.066,0.296,0.638,B,0.207,37.883,0.056,0.142,0.802
225,TS,0.086450784,0.061253763,1,4,2,2.39,      NO,      NO,0,2.15,-1.368,0,1,0,YES,B,0.184,36.929,0.066,0.296,0.638,B,0.2,23.452,0.066,0.296,0.638
226,TS,0.086450784,0.064649817,1,4,2,3.485,      NO,      NO,0,0.949,-1.368,1,0,0,YES,B,0.184,36.929,0.066,0.296,0.638,B,0.14,21.518,0.021,0.451,0.528
227,TS,0.285204161,0.022313576,1,2,2,2.86,      NO,      NO,0,3.542,-1.264,1,2,2,YES,B,0.25,60.005,0.019,0.141,0.84,B,0.248,34.791,0.018,0.088,0.893
228,TS,0.285204161,0.02026419,1,2,2,3.665,      NO,      NO,0,0.929,-1.264,1,0,2,YES,B,0.25,60.005,0.019,0.141,0.84,B,0.251,19.777,0.02,0.205,0.775
229,TS,0.285204161,0.061771079,1,2,2,1.485,      NO,      NO,0,2.768,-1.264,1,0,0,YES,B,0.25,60.005,0.019,0.141,0.84,B,0.233,53.243,0.019,0.141,0.84
230,TS,0.285204161,0.060836217,1,2,2,2.62,      NO,      NO,0,2.345,-1.264,1,1,2,YES,B,0.25,60.005,0.019,0.141,0.84,E,0.314,36.859,0.018,0.088,0.893
231,TS,0.08083219,0.04169642,26,39,14,2.11,      NO,      NO,0,1.455,-1.788,1,1,1,YES,E,0.422,96.707,0.97,0.001,0.03,E,0.408,74.741,0.97,0.001,0.03
232,TS,0.08083219,0.045470569,26,39,14,1.56,      NO,      NO,0,2.057,-1.788,0,1,1,YES,E,0.422,96.707,0.97,0.001,0.03,E,0.421,75.244,0.97,0.001,0.03
233,TS,0.08083219,0.002419753,26,39,14,2.455,      NO,      NO,0,3.106,-1.788,0,0,1,YES,E,0.422,96.707,0.97,0.001,0.03,E,0.424,102.02,0.97,0.001,0.03
234,TS,0.127868869,0.061339578,1,2,1,2.345,      NO,      NO,0,2.148,-1.328,0,1,1,YES,E,0.476,109.119,0.802,0.014,0.185,E,0.469,83.781,0.802,0.014,0.185
235,TS,0.87766527,0.002355741,239,439,473,4.715,      NO,      NO,0,3.601,-0.764,1,0,1,YES,B,0.045,6.441,0.021,0.756,0.223,B,0.046,9.787,0.021,0.756,0.223
236,TS,0.062932032,0.088558671,551,401,485,1.78,      NO,      NO,0,1.101,-2.106,0,0,0,          NO,E,0.337,67.656,0.923,0.002,0.076,E,0.322,58.885,0.97,0.001,0.03
237,TS,0.409540287,0.021493816,55,13,40,3.835,      NO,      NO,0,3.383,-0.938,0.5,1.5,0,YES,B,0.101,7.964,0.058,0.017,0.925,B,0.106,21.354,0.058,0.017,0.925
238,TS,0.409540287,0.063507327,55,13,40,2.235,      NO,      NO,0,1.833,-0.938,1,0,2,YES,B,0.101,7.964,0.058,0.017,0.925,B,0.102,23.335,0.058,0.017,0.925
239,TS,0.409540287,0.029978645,55,13,40,4.385,      NO,      NO,0,2.822,-0.938,1,1,0,YES,B,0.101,7.964,0.058,0.017,0.925,B,0.103,15.846,0.058,0.017,0.925
240,TS,0.029950178,0.045594417,239,439,473,0.125,      NO,      NO,0,0.085,-2.335,0,1,1,YES,E,0.405,57.413,0.923,0.002,0.076,E,0.383,70.054,0.923,0.002,0.076
241,TS,0.084850873,0.258655039,11,1,5,2.575,      NO,      NO,0,3.21,-1.397,1,1,0,YES,E,0.671,153.636,0.257,0.016,0.727,E,0.655,131.106,0.257,0.016,0.727
242,TS,0.044205326,0.012331849,44,54,46,1.065,      NO,  REPEAT,0,2.922,-1.004,0,0,0,YES,B,0.154,32.888,0.001,0.9,0.099,B,0.166,30.25,0.001,0.9,0.099
243,TS,0.011553579,0.005950381,1,4,1,2.865,      NO,      NO,0,3.842,-1.111,1,2,1,          NO,B,0.052,7.371,0.074,0.484,0.442,B,0.059,14.286,0.074,0.484,0.442
244,TS,0.24073224,0.025765471,1,23,1,0.695,      NO,      NO,0,2.151,-1.789,0,0,2,          NO,B,0.2,28.01,0.052,0.084,0.864,E,0.344,78.73,0.052,0.084,0.864
245,TS,0.247694289,0.067370368,1,23,1,0.975,      NO,COMPBIAS,0,0.383,-1.592,0,0,0,          NO,B,0.258,51.861,0.018,0.019,0.964,B,0.25,45.83,0.018,0.019,0.964
246,TS,0.176513133,0.01229786,1,7,1,2.82,      NO,      NO,0,1.994,-1.124,0,0,0,YES,B,0.16,29.104,0.455,0.046,0.498,B,0.164,35.09,0.455,0.046,0.498
247,TS,0.311159387,0.02281904,1,7,1,2.56,      NO,      NO,0,2.151,-1.126,0,1,0,YES,B,0.091,16.835,0.352,0.332,0.316,B,0.105,14.605,0.352,0.332,0.316
248,TS,0.213950628,0.034428175,1,23,1,1.79,      NO,      NO,0,2.247,-1.147,0,1,0,          NO,E,0.47,66.736,0.268,0.043,0.689,E,0.475,86.954,0.113,0.043,0.844
249,TS,0.513518101,0.004043155,1,4,1,2.65,      NO,      NO,0,4.011,-1.212,0,0,1,          NO,B,0.211,48.388,0.018,0.846,0.136,B,0.21,50.577,0.018,0.846,0.136
250,TS,0.513518101,0.006063428,1,4,1,2.85,      NO,      NO,0,3.842,-1.101,0,0,1,          NO,E,0.325,74.448,0.118,0.15,0.732,E,0.313,44.001,0.118,0.15,0.732
251,TS,0.177891761,0.06111793,1,7,1,2.025,      NO,      NO,0,1.286,-1.237,0,0,1,YES,E,0.331,75.73,0.125,0.227,0.648,E,0.305,42.78,0.125,0.227,0.648
252,TS,0.201868254,0.015674658,1,7,1,2.79,      NO,      NO,0,3.002,-1.237,0,1,1,YES,E,0.327,74.814,0.018,0.019,0.964,E,0.333,60.555,0.018,0.019,0.964
253,TS,0.090223983,0.074880633,1,23,1,0.345,      NO,COMPBIAS,0,0.059,-2.366,1,0,0,          NO,E,0.413,48.439,0.115,0.016,0.868,E,0.384,42.317,0.115,0.016,0.868
254,TS,0.207496667,0.016567042,1,7,1,2.805,      NO,      NO,0,2.659,-1.039,1,0,1,YES,B,0.093,14.248,0.023,0.655,0.322,B,0.098,19.729,0.023,0.655,0.322
255,TS,0.19935662,0.141788325,1,23,1,0.68,      NO,      NO,0,0.314,-1.94,1,0,0,YES,B,0.26,40.023,0.005,0.015,0.979,B,0.292,53.41,0.018,0.019,0.964
256,TS,0.278864299,0.091330544,2,3,1,2.69,      NO,      NO,0,1.674,-1.079,0,1,0,YES,B,0.154,22.604,0.184,0.043,0.773,B,0.149,17.51,0.184,0.043,0.773
257,TS,0.071378398,0.003702859,2,3,1,2.275,      NO,      NO,0,3.22,-1.722,0,0,1,YES,E,0.457,104.745,0.858,0.002,0.139,E,0.368,51.653,0.858,0.002,0.139
258,TS,0.071378398,0.045682499,2,3,1,1.93,      NO,      NO,0,2.617,-1.722,0,1,1,YES,E,0.457,104.745,0.858,0.002,0.139,E,0.464,84.347,0.858,0.002,0.139
259,TS,0.526586325,0.064495489,1006,2,192,3.255,      NO,      NO,0,2.105,-0.764,1,1,0,YES,E,0.378,52.442,0.016,0.005,0.979,E,0.339,37.358,0.113,0.043,0.844
260,TS,0.526586325,0.010991533,1006,2,192,3.255,      NO,      NO,0,4.312,-0.764,1,0,1,YES,E,0.378,52.442,0.016,0.005,0.979,E,0.324,45.49,0.053,0.043,0.903
261,TS,0.526586325,0.032472555,1006,2,192,3.255,      NO,      NO,0,2.721,-0.764,0,1,0,YES,E,0.378,52.442,0.016,0.005,0.979,E,0.366,52.726,0.058,0.017,0.925
262,TS,0.526586325,0.023437921,1006,2,192,3.255,      NO,      NO,0,1.849,-0.764,1,0,3,YES,E,0.378,52.442,0.016,0.005,0.979,E,0.349,79.852,0.113,0.043,0.844
263,TS,0.526586325,0.054214331,1006,2,192,2.705,      NO,      NO,0,2.413,-0.764,0,0,1,YES,E,0.378,52.442,0.016,0.005,0.979,E,0.343,40.211,0.053,0.043,0.903
264,TS,0.526586325,0.02714208,1006,2,192,3.255,      NO,      NO,0,2.978,-0.764,1,1,0,YES,E,0.378,52.442,0.016,0.005,0.979,E,0.313,48.123,0.113,0.043,0.844
265,TS,0.498640442,0.003597162,996,2,192,3,      NO,      NO,0,3.855,-1.179,0,0,1,YES,E,0.6,66.065,0.02,0.205,0.775,E,0.265,37.206,0.231,0.33,0.439
266,TS,0.498640442,0.017751416,996,2,192,3.345,      NO,      NO,0,2.237,-1.179,1,0,1,YES,E,0.6,66.065,0.02,0.205,0.775,E,0.285,22.414,0.231,0.33,0.439
267,TS,0.498640442,0.01909154,996,2,192,3.345,      NO,      NO,0,1.258,-1.179,0,1,1,YES,E,0.6,66.065,0.02,0.205,0.775,E,0.277,50.423,0.231,0.33,0.439
268,TS,0.498640442,0.025472394,996,2,192,3.345,      NO,      NO,0,2.062,-1.179,1,1,1,YES,E,0.6,66.065,0.02,0.205,0.775,E,0.27,49.419,0.231,0.33,0.439
269,TS,0.410807723,0.028711142,1006,2,192,3.315,      NO,      NO,0,1.175,-1.054,1,0,3,YES,E,0.435,79.127,0.053,0.043,0.903,B,0.235,18.463,0.113,0.087,0.8
270,TS,0.410807723,0.035801696,1006,2,192,3.315,      NO,      NO,0,2.33,-1.054,1,1,1,YES,E,0.435,79.127,0.053,0.043,0.903,B,0.224,41.069,0.113,0.087,0.8
271,TS,0.410807723,0.017420981,1006,2,192,3.315,      NO,      NO,0,2.797,-1.054,1,1,3,YES,E,0.435,79.127,0.053,0.043,0.903,B,0.217,30.75,0.113,0.087,0.8
272,TS,0.410807723,0.045689809,1006,2,192,2.97,      NO,      NO,0,2.441,-1.054,0,1,1,YES,E,0.435,79.127,0.053,0.043,0.903,E,0.253,45.257,0.113,0.087,0.8
273,TS,0.410807723,0.004808308,1006,2,192,3.315,      NO,      NO,0,4.203,-1.054,0,0,1,YES,E,0.435,79.127,0.053,0.043,0.903,B,0.229,55.075,0.113,0.087,0.8
274,TS,0.410807723,0.007379791,1006,2,192,3.145,      NO,      NO,0,3.953,-1.134,0,0,1,YES,E,0.591,81.93,0.018,0.047,0.935,B,0.204,28.656,0.001,0.9,0.099
275,TS,0.410807723,0.028711142,1006,2,192,3.145,      NO,      NO,0,2.224,-1.134,1,0,1,YES,E,0.591,81.93,0.018,0.047,0.935,B,0.218,17.117,0.001,0.9,0.099
276,TS,0.410807723,0.0208878,1006,2,192,2.455,      NO,      NO,0,1.008,-1.134,0,1,1,YES,E,0.591,81.93,0.018,0.047,0.935,B,0.21,38.217,0.001,0.9,0.099
277,TS,0.410807723,0.035801696,1006,2,192,3.145,      NO,      NO,0,2.277,-1.134,1,1,1,YES,E,0.591,81.93,0.018,0.047,0.935,B,0.223,40.776,0.001,0.9,0.099
278,TS,0.410807723,0.017420981,1006,2,192,3.145,      NO,      NO,0,2.746,-1.134,1,1,1,YES,E,0.591,81.93,0.018,0.047,0.935,B,0.234,33.219,0.001,0.9,0.099
279,TS,0.410807723,0.042625185,1006,2,192,3.145,      NO,      NO,0,2.252,-1.134,1,0,1,YES,E,0.591,81.93,0.018,0.047,0.935,B,0.23,26.968,0.001,0.9,0.099
280,TS,0.410807723,0.028711142,1006,2,192,3.075,      NO,      NO,0,1.169,-1.177,1,0,3,YES,E,0.472,97.07,0.052,0.084,0.864,E,0.394,31,0.6,0.003,0.397
281,TS,0.410807723,0.017420981,1006,2,192,3.075,      NO,      NO,0,2.716,-1.177,1,1,3,YES,E,0.472,97.07,0.052,0.084,0.864,E,0.402,57.058,0.6,0.003,0.397
282,TS,0.410807723,0.045689809,1006,2,192,3.075,      NO,      NO,0,2.386,-1.177,0,1,1,YES,E,0.472,97.07,0.052,0.084,0.864,E,0.39,69.708,0.6,0.003,0.397
283,TS,0.410807723,0.004808308,1006,2,192,3.075,      NO,      NO,0,4.085,-1.177,0,0,1,YES,E,0.472,97.07,0.052,0.084,0.864,E,0.376,90.308,0.6,0.003,0.397
284,TS,0.294628511,0.008271495,1006,2,192,3.02,      NO,      NO,0,3.633,-1.199,0,1,0,YES,E,0.547,78.765,0.522,0.016,0.462,B,0.143,20.133,0.004,0.138,0.858
285,TS,0.294628511,0.024628524,1006,2,192,3.02,      NO,      NO,0,2.711,-1.199,1,0,2,YES,E,0.547,78.765,0.522,0.016,0.462,B,0.182,26.255,0.004,0.085,0.91
286,TS,0.294628511,0.11047898,1006,2,192,1.575,      NO,      NO,0,2.037,-1.199,1,1,0,YES,E,0.547,78.765,0.522,0.016,0.462,B,0.156,31.289,0.004,0.138,0.858
287,TS,0.294628511,0.076230777,1006,2,192,2.215,      NO,      NO,0,2.91,-1.199,0,0,0,YES,E,0.547,78.765,0.522,0.016,0.462,B,0.176,31.996,0.004,0.138,0.858
288,TS,0.294628511,0.028572516,1006,2,192,3.02,      NO,      NO,0,2.709,-1.199,1,0,0,YES,E,0.547,78.765,0.522,0.016,0.462,B,0.201,29.47,0.004,0.085,0.91
289,TS,0.270682157,0.005304817,3,8,30,2.31,       deleterious,      NO,      NO,0,3.187,-4.769,0,0,1,E,0.488,111.729,0.056,0.142,0.802,E,0.48,67.35,0.064,0.216,0.721
290,TS,0.270682157,0.026016352,3,8,30,2.31,       deleterious,      NO,      NO,0,2.33,-3.912,0,1,1,E,0.488,111.729,0.056,0.142,0.802,E,0.483,87.876,0.056,0.142,0.802
291,TS,0.132776236,0.041236562,92,101,132,1.355,       deleterious,      NO,      NO,0,1.069,-2.534,0,1,2,B,0.03,4.688,0.988,0,0.012,B,0.028,3.13,0.97,0.001,0.03
292,TS,0.132776236,0.053849078,92,101,132,2.045,       deleterious,      NO,      NO,0,2.247,-3.712,0,0,0,B,0.03,4.688,0.988,0,0.012,B,0.027,5.443,0.97,0.001,0.03
293,TS,,,,,,1.75,,,,,,,,,,E,0.295,67.647,0.97,0.001,0.03,E,0.288,22.705,0.97,0.001,0.03
294,TS,0.348077543,0.043001512,193,2,180,2.435,       deleterious,      NO,      NO,0,1.635,-3.01,0,1,0,B,0.091,13.055,0.003,0.718,0.279,B,0.205,16.11,0.021,0.756,0.223
295,TS,0.348077543,0.027622075,193,2,180,2.435,       deleterious,      NO,      NO,0,2.028,-3.403,1,1,0,B,0.091,13.055,0.003,0.718,0.279,B,0.163,25.084,0.021,0.756,0.223
296,TS,0.348077543,0.014097187,193,2,180,2.435,       deleterious,      NO,      NO,0,2.795,-4.17,1,0,0,B,0.091,13.055,0.003,0.718,0.279,B,0.175,37.419,0.021,0.756,0.223
297,TS,0.370122962,0.09805468,193,2,180,2.31,       deleterious,      NO,      NO,0,1.514,-2.631,1,0,0,B,0.043,7.818,0.802,0.014,0.185,B,0.048,7.408,0.802,0.014,0.185
298,TS,0.248284503,0.003010196,191,2,180,1.28,       deleterious,      NO,      NO,0,3.296,-4.793,1,1,0,B,0.023,4.175,0.001,0.9,0.099,B,0.025,4.548,0.001,0.9,0.099
299,TS,0.363523985,0.06040883,193,2,180,1.1,           neutral,      NO,      NO,0,1.59,-3.118,0,0,0,E,0.585,83.054,0.005,0.015,0.979,E,0.586,68.691,0.005,0.015,0.979
300,TS,0.318656997,0.019601092,191,2,180,2.66,           neutral,      NO,      NO,0,0.609,-2.007,0,1,1,B,0.167,19.561,0.021,0.279,0.699,B,0.173,31.621,0.02,0.205,0.775
301,OG,0.108447402,0.117202743,29,14,4,1.115,      NO,      NO,0,1.204,-1.313,1,1,0,YES,E,0.32,55.834,0.022,0.552,0.426,E,0.28,42.975,0.022,0.552,0.426
302,OG,0.057914355,0.03197471,248,65,63,1.545,      NO,      NO,0,2.348,-0.919,0,1,0,YES,E,0.438,64.05,0.018,0.019,0.964,B,0.27,21.257,0.782,0.003,0.216
303,OG,0.110550815,0.099259266,618,166,503,0.675,      NO,      NO,0,1.471,-1.82,0,0,0,YES,B,0.117,25.024,0.016,0.005,0.979,E,0.593,122.021,0.005,0.015,0.979
304,OG,0.133329736,0.168528568,248,65,63,0.13,      NO,      NO,0,0.898,-1.367,0,0,0,YES,B,0.026,4.724,0.003,0.718,0.279,B,0.054,9.869,0.069,0.386,0.545
305,OG,0.063375369,0.021256767,248,65,63,2.04,      NO,      NO,0,3.355,-1.46,1,1,0,YES,B,0.03,5.548,0.97,0.001,0.03,B,0.091,12.819,0.019,0.141,0.84
306,OG,0.063375369,0.294036903,248,65,63,-0.01,      NO,      NO,0,1.101,-1.46,1,0,0,YES,B,0.03,5.548,0.97,0.001,0.03,B,0.088,16.224,0.019,0.141,0.84
307,OG,0.063375369,0.172310017,248,65,63,0.575,      NO,      NO,0,1.675,-1.46,1,0,2,YES,B,0.03,5.548,0.97,0.001,0.03,B,0.086,13.295,0.019,0.141,0.84
308,OG,0.470763234,0.10055605,248,65,63,1.745,      NO,      NO,0,1.728,-0.981,1,0,0,YES,E,0.366,42.907,0.058,0.017,0.925,B,0.2,30.771,0.005,0.262,0.733
309,OG,0.060334572,0.016673411,618,166,503,1.655,      NO,      NO,0,1.447,-1.537,1,0,0,YES,B,0.104,15.182,0.125,0.227,0.648,B,0.298,59.63,0.135,0.317,0.548
310,OG,0.048296799,0.067455308,29,14,4,0.495,      NO,      NO,0,1.223,-1.597,0,0,2,YES,E,0.378,58.083,0.113,0.043,0.844,B,0.204,31.401,0.021,0.756,0.223
311,OG,0.037553075,0.0233096,248,65,63,0.2,      NO,      NO,0,2.932,-1.203,1,2,0,YES,E,0.52,74.918,0.053,0.043,0.903,B,0.179,32.651,0.021,0.279,0.699
312,OG,0.103526258,0.049516962,248,65,63,1.815,      NO,      NO,0,1.388,-1.17,0,1,0,YES,E,0.527,74.725,0.018,0.019,0.964,B,0.027,4.921,0.011,0.918,0.071
313,OG,0.032169387,0.034264001,618,166,503,0.955,      NO,      NO,0,0.766,-1.09,1,0,0,YES,E,0.268,41.145,0.97,0.001,0.03,E,0.253,46.416,0.97,0.001,0.03
314,OG,0.084674566,0.043407198,7,22,3,0,      NO,      NO,0,0.08,-1.87,0,1,1,YES,E,0.351,80.31,0.003,0.718,0.279,E,0.351,62.635,0.003,0.718,0.279
315,OG,0.08490944,0.014161051,7,22,3,1.745,      NO,      NO,0,0.787,-1.769,0,0,1,          NO,B,0.169,38.724,0.001,0.959,0.04,B,0.168,23.531,0,0.983,0.017
316,OG,0.089051538,0.027472769,7,33,16,1.89,      NO,      NO,0,1.795,-1.211,1,0,0,YES,B,0.052,7.143,0.004,0.616,0.381,B,0.057,6.645,0.004,0.616,0.381
317,OG,0.38193303,0.054006547,1,5,1,2.35,      NO,      NO,0,1.703,-1.169,0,1,0,          NO,B,0.039,5.994,0.97,0.001,0.03,B,0.038,4.133,0.923,0.002,0.076
318,OG,0.145106112,0.237993956,4,2,1,2.175,      NO,      NO,0,2.118,-0.848,0,0,0,YES,E,0.597,104.366,0.021,0.451,0.528,E,0.6,123.399,0.022,0.359,0.619
319,OG,0.145106112,0.237993956,4,2,1,2.07,      NO,      NO,0,2.198,-0.877,0,0,0,YES,E,0.606,105.868,0.021,0.279,0.699,E,0.619,127.411,0.021,0.279,0.699
320,OG,0.120999363,0.01748276,15,30,8,2.66,      NO,      NO,0,3.709,-1.654,0,0,1,YES,B,0.231,52.853,0,0.983,0.017,E,0.235,56.469,0,0.983,0.017
321,OG,0.060751713,0.105775114,224,69,360,1.045,      NO,      NO,0,2.201,-1.034,1,0,0,YES,B,0.067,13.367,0.176,0.004,0.82,B,0.066,12.173,0.176,0.004,0.82
322,OG,0.060751713,0.3195409,224,69,360,-0.225,      NO,      NO,0,0.991,-1.034,0,0,0,YES,B,0.067,13.367,0.176,0.004,0.82,B,0.068,12.469,0.176,0.004,0.82
323,OG,0.142372275,0.03320516,1,2,2,2.75,      NO,      NO,0,2.389,-1.216,0,0,0,YES,B,0.087,15.875,0.004,0.514,0.481,B,0.089,17.782,0.004,0.514,0.481
324,OG,0.107188105,0.019312359,2,13,186,2.57,      NO,      NO,0,2.265,-1.002,1,1,1,YES,E,0.461,105.477,0.018,0.019,0.964,E,0.452,82.706,0.004,0.197,0.799
325,OG,0.107188105,0.09682791,2,13,186,1.265,      NO,      NO,0,2.356,-1.002,0,1,1,YES,E,0.461,105.477,0.018,0.019,0.964,E,0.507,90.604,0.004,0.197,0.799
326,OG,0.107188105,0.024401272,2,13,186,2.81,      NO,      NO,0,2.042,-1.572,0,1,1,YES,E,0.39,89.31,0.004,0.42,0.576,E,0.356,64.775,0.021,0.451,0.528
327,OG,0.081450484,0.048363978,4,13,1,0.97,      NO,      NO,0,1.526,-1.636,1,1,0,YES,B,0.219,24.134,0.988,0,0.012,B,0.224,17.621,0.988,0,0.012
328,OG,0.081450484,0.058196504,4,13,1,-0.18,      NO,      NO,0,0.446,-1.636,0,1,0,YES,B,0.219,24.134,0.988,0,0.012,B,0.229,35.243,0.988,0,0.012
329,OG,0.282620576,0.041760265,24,201,42,1.74,      NO,      NO,0,1.834,-1.555,0,1,1,YES,E,0.376,86.196,0.252,0.423,0.325,E,0.39,69.743,0.252,0.423,0.325
330,OG,0.524421253,0.112766046,618,166,503,1.7,      NO,      NO,0,1.162,-1.033,1,1,0,YES,B,0.069,5.438,0.022,0.552,0.426,B,0.07,7.758,0.022,0.552,0.426
331,OG,0.056452257,0.038185478,618,166,503,0.855,      NO,      NO,0,1.025,-1.626,0,0,0,YES,B,0.248,51.116,0.148,0.418,0.435,B,0.249,43.448,0.231,0.33,0.439
332,OG,0.041042384,0.092157151,618,166,503,1.32,      NO,      NO,0,1.224,-1.97,1,1,0,YES,E,0.313,48.077,0.148,0.418,0.435,B,0.264,46.191,0.321,0.252,0.427
333,OG,0.004860373,0.005949905,5,9,3,3.005,      NO,      NO,0,2.642,-1.293,0,0,2,YES,B,0.029,4.058,0.988,0,0.012,B,0.029,6.618,0.97,0.001,0.03
334,OG,0.004860373,0.017718252,5,9,3,1.615,      NO,      NO,0,2.646,-1.293,0,1,0,YES,B,0.029,4.058,0.988,0,0.012,B,0.03,6.39,0.97,0.001,0.03
335,OG,0.063240523,0.0370851,1,3,2,2.015,      NO,      NO,0,0.969,-1.544,0,0,1,          NO,B,0.059,6.535,0.069,0.386,0.545,B,0.083,11.512,0.125,0.227,0.648
336,OG,0.144336197,0.041273278,2,24,9,2.015,      NO,  COILED,0,2.016,-1.593,0,0,1,          NO,E,0.566,81.589,0.97,0.001,0.03,E,0.591,86.464,0.97,0.001,0.03
337,OG,0.071747663,0.100765424,1,8,2,1.78,      NO,      NO,0,1.75,-1.864,1,0,0,          NO,E,0.504,101.133,0.97,0.001,0.03,E,0.522,96.607,0.97,0.001,0.03
338,OG,0.214700767,0.015164471,2,24,9,1.845,      NO,  COILED,0,0.457,-2.076,0,1,0,          NO,E,0.561,102.646,0.97,0.001,0.03,E,0.572,81.138,0.97,0.001,0.03
339,OG,0.050999982,0.015373193,1,12,33,2.55,      NO,  REPEAT,0,2.439,-1.347,0,1,0,YES,B,0.199,36.382,0.97,0.001,0.03,B,0.223,31.658,0.97,0.001,0.03
340,OG,0.970397012,0.000508325,1,2,1,0.695, MOD_RES,      NO,0,3.583,-1.096,0,1,0,YES,B,0.151,20.971,0.502,0.102,0.396,B,0.18,25.216,0.052,0.084,0.864
341,OG,0.970397012,0.009346625,1,2,1,0.695, MOD_RES,      NO,0,1.663,-1.096,1,1,0,YES,B,0.151,20.971,0.502,0.102,0.396,B,0.214,42.99,0.307,0.165,0.527
342,OG,0.970397012,0.002037116,1,2,1,0.695, MOD_RES,      NO,0,2.501,-1.096,0,0,0,YES,B,0.151,20.971,0.502,0.102,0.396,B,0.223,40.527,0.307,0.165,0.527
343,OG,0.970397012,0.001008209,1,2,1,0.695, MOD_RES,      NO,0,2.619,-1.096,1,0,0,YES,B,0.151,20.971,0.502,0.102,0.396,B,0.284,41.578,0.113,0.043,0.844
344,OG,0.970397012,0.001104823,1,2,1,0.695, MOD_RES,      NO,0,2.332,-1.096,1,1,0,YES,B,0.151,20.971,0.502,0.102,0.396,B,0.273,31.996,0.113,0.043,0.844
345,OG,0.609168723,0.068167321,6,277,1,0.995,      NO,      NO,0,1.554,-1.004,1,0,1,YES,E,0.35,53.718,0.023,0.655,0.322,E,0.355,64.964,0.018,0.846,0.136
346,OG,0.114949773,0.012744952,20,56,29,2.27,      NO,      NO,0,1.413,-1.447,0,0,1,YES,B,0.23,52.624,0.001,0.959,0.04,B,0.23,32.236,0.001,0.959,0.04
347,OG,0.114949773,0.025738432,20,56,29,1.285,      NO,      NO,0,1.32,-1.447,0,1,1,YES,B,0.23,52.624,0.001,0.959,0.04,B,0.225,40.873,0.001,0.959,0.04
348,OG,0.114949773,0.103025371,20,56,29,1.17,      NO,      NO,0,1.916,-1.447,1,1,1,YES,B,0.23,52.624,0.001,0.959,0.04,E,0.236,43.248,0.001,0.959,0.04
349,OG,0.114949773,0.039556708,20,56,29,1.875,      NO,      NO,0,1.89,-1.447,1,0,1,YES,B,0.23,52.624,0.001,0.959,0.04,B,0.232,27.226,0.001,0.959,0.04
350,OG,0.179489243,0.058404052,109,1,1,2.46,      NO,      NO,0,2.241,-0.999,1,1,0,          NO,B,0.131,18.877,0.278,0.093,0.628,B,0.185,20.442,0.118,0.15,0.732
351,OG,0.179489243,0.028864581,109,1,1,2.46,      NO,      NO,0,2.187,-0.999,0,1,0,          NO,B,0.131,18.877,0.278,0.093,0.628,B,0.107,8.397,0.191,0.086,0.723
352,OG,0.179489243,0.024500053,109,1,1,2.46,      NO,      NO,0,3.393,-0.999,1,0,0,          NO,B,0.131,18.877,0.278,0.093,0.628,E,0.291,52.951,0.354,0.048,0.598
353,OG,0.179489243,0.047371239,109,1,1,2.46,      NO,      NO,0,2.277,-0.999,0,0,0,          NO,B,0.131,18.877,0.278,0.093,0.628,B,0.198,29.002,0.191,0.086,0.723
354,OG,0.179489243,0.031436992,109,1,1,2.46,      NO,      NO,0,3.245,-1.133,1,0,0,YES,B,0.131,18.877,0.278,0.093,0.628,E,0.348,53.503,0.113,0.087,0.8
355,OG,0.179489243,0.130470256,109,1,1,2.46,      NO,      NO,0,3.288,-0.999,1,0,0,          NO,B,0.131,18.877,0.278,0.093,0.628,E,0.299,63.854,0.113,0.043,0.844
356,OG,0.246762239,0.098171434,119,1,1,2.66,      NO,      NO,0,2.928,-0.676,0,1,0,NO,B,0.275,21.682,0.278,0.093,0.628,B,0.235,41.124,0.113,0.087,0.8
357,OG,0.246762239,0.043639612,119,1,1,2.66,      NO,      NO,0,3.196,-0.676,0,0,0,          NO,B,0.275,21.682,0.278,0.093,0.628,B,0.237,54.388,0.191,0.086,0.723
358,OG,0.246762239,0.028662661,119,1,1,2.66,      NO,      NO,0,3.016,-0.676,1,1,0,          NO,B,0.275,21.682,0.278,0.093,0.628,B,0.184,28.219,0.184,0.043,0.773
359,OG,0.100731169,0.01964996,109,1,1,1.965,      NO,      NO,0,2.156,-1.717,1,1,0,          NO,E,0.287,52.296,0.199,0.152,0.649,E,0.326,46.245,0.125,0.227,0.648
360,OG,0.234392082,0.047722609,109,1,1,2.46,      NO,      NO,0,2.517,-1.065,1,1,0,          NO,B,0.078,14.449,0.278,0.093,0.628,B,0.163,19.068,0.191,0.086,0.723
361,OG,0.17942105,0.05756906,109,1,1,2.46, MOD_RES,      NO,0,1.639,-0.927,1,0,2,          NO,B,0.128,15.002,0.268,0.043,0.689,B,0.12,13.213,0.354,0.048,0.598
362,OG,0.17942105,0.006081098,109,1,1,2.46, MOD_RES,      NO,0,3.649,-0.927,1,1,0,NO,B,0.128,15.002,0.268,0.043,0.689,B,0.155,21.804,0.268,0.043,0.689
363,OG,0.17942105,0.011924025,109,1,1,2.46, MOD_RES,      NO,0,3.079,-0.927,0,1,0,          NO,B,0.128,15.002,0.268,0.043,0.689,B,0.196,39.237,0.113,0.043,0.844
364,OG,0.17942105,0.018170425,109,1,1,2.46, MOD_RES,      NO,0,2.666,-0.927,0,0,0,          NO,B,0.128,15.002,0.268,0.043,0.689,B,0.216,30.65,0.181,0.016,0.803
365,OG,0.17942105,0.014405575,109,1,1,2.46, MOD_RES,      NO,0,3.174,-0.927,1,1,0,          NO,B,0.128,15.002,0.268,0.043,0.689,B,0.131,28.08,0.113,0.087,0.8
366,OG,0.190605392,0.142990083,109,1,1,2.66, MOD_RES,      NO,0,1.639,-0.927,1,0,0,          NO,E,0.458,53.701,0.113,0.087,0.8,E,0.403,44.4,0.118,0.15,0.732
367,OG,0.190605392,0.012641376,109,1,1,2.66, MOD_RES,      NO,0,3.649,-0.927,1,1,0,          NO,E,0.458,53.701,0.113,0.087,0.8,E,0.415,58.294,0.118,0.15,0.732
368,OG,0.190605392,0.023136126,109,1,1,2.66, MOD_RES,      NO,0,3.079,-0.927,0,1,0,NO,E,0.458,53.701,0.113,0.087,0.8,E,0.425,85.378,0.118,0.15,0.732
369,OG,0.190605392,0.018718555,109,1,1,2.315, MOD_RES,      NO,0,2.666,-0.927,0,0,0,          NO,E,0.458,53.701,0.113,0.087,0.8,E,0.434,61.528,0.113,0.087,0.8
370,OG,0.190605392,0.018720053,109,1,1,2.66, MOD_RES,      NO,0,3.174,-0.927,1,1,0,NO,E,0.458,53.701,0.113,0.087,0.8,E,0.469,100.247,0.118,0.15,0.732
371,OG,0.220872426,0.012209878,109,1,1,2.565, MOD_RES,      NO,0,3.343,-1.397,1,1,0,          NO,E,0.493,57.803,0.019,0.141,0.84,E,0.466,65.454,0.021,0.279,0.699
372,OG,0.220872426,0.025098932,109,1,1,2.565, MOD_RES,      NO,0,2.731,-1.397,0,1,0,          NO,E,0.493,57.803,0.019,0.141,0.84,B,0.287,57.681,0.066,0.296,0.638
373,OG,0.220872426,0.018483626,109,1,1,2.215, MOD_RES,      NO,0,2.268,-1.397,0,0,0,          NO,E,0.493,57.803,0.019,0.141,0.84,E,0.472,67.034,0.066,0.296,0.638
374,OG,0.220872426,0.020180469,109,1,1,2.565, MOD_RES,      NO,0,2.801,-1.397,1,1,0,          NO,E,0.493,57.803,0.019,0.141,0.84,E,0.391,83.514,0.064,0.216,0.721
375,OG,0.187414976,0.079580993,109,1,1,2.68, MOD_RES,      NO,0,1.687,-1.155,0,0,0,          NO,E,0.402,55.771,0.069,0.386,0.545,E,0.32,35.22,0.069,0.386,0.545
376,OG,0.187414976,0.063679665,109,1,1,2.68, MOD_RES,      NO,0,2.49,-1.155,0,1,0,          NO,E,0.402,55.771,0.069,0.386,0.545,E,0.342,63.196,0.148,0.418,0.435
377,OG,0.069930737,0.064977125,20,10,10,1.295,      NO,  REPEAT,0,2.408,-1.175,1,1,0,YES,E,0.573,63.189,0.005,0.015,0.979,E,0.512,73.75,0.003,0.003,0.994
378,OG,0.069930737,0.057914355,20,10,10,2.71,      NO,  REPEAT,0,2.091,-1.175,0,0,0,YES,E,0.573,63.189,0.005,0.015,0.979,E,0.554,76.868,0.003,0.003,0.994
379,OG,0.082578163,0.074230512,27,5,17,1.385,      NO,      NO,0,0.78,-1.822,1,0,0,YES,E,0.568,81.791,0.004,0.197,0.799,E,0.496,90.186,0.005,0.262,0.733
380,OG,0.082578163,0.052601008,27,5,17,2.44,      NO,      NO,0,1.693,-1.822,0,0,0,YES,E,0.568,81.791,0.004,0.197,0.799,E,0.581,85.073,0.019,0.141,0.84
381,OG,0.041841358,0.067408106,248,65,63,2.88,      NO,      NO,0,1.86,-1.333,1,1,0,          NO,E,0.331,57.808,0.113,0.043,0.844,E,0.303,33.435,0.268,0.043,0.689
382,OG,0.041841358,0.040923533,248,65,63,2.53,      NO,      NO,0,1.309,-1.333,0,0,0,NO,E,0.331,57.808,0.113,0.043,0.844,E,0.288,59.303,0.113,0.043,0.844
383,OG,0.312531505,0.039256431,10,3,1,2.855,      NO,  REPEAT,0,1.85,-1.147,1,1,0,          NO,E,0.488,38.406,0.018,0.088,0.893,E,0.428,47.188,0.018,0.088,0.893
384,OG,0.102882265,0.172310017,248,65,63,-0.28,      NO,      NO,0,0.948,-1.341,1,0,2,YES,B,0.083,15.124,0.018,0.088,0.893,B,0.082,12.557,0.019,0.141,0.84
385,OG,0.060334572,0.069090365,618,166,503,0.735,      NO,      NO,0,1.835,-1.027,1,1,0,YES,E,0.352,64.543,0.069,0.386,0.545,E,0.42,75.066,0.069,0.386,0.545
386,OG,0.198982181,0.02876517,27,5,17,2.435,      NO,  REPEAT,0,1.308,-1.795,0,1,1,YES,E,0.449,102.89,0.052,0.084,0.864,E,0.457,83.128,0.113,0.087,0.8
387,OG,0.198982181,0.065313273,27,5,17,2.235,      NO,  REPEAT,0,1.67,-1.795,1,0,1,YES,E,0.449,102.89,0.052,0.084,0.864,E,0.473,55.471,0.052,0.084,0.864
388,OG,0.150733787,0.032556117,248,65,63,2.025,      NO,      NO,0,3.121,-1.221,0,1,1,YES,B,0.114,26.198,0.011,0.918,0.071,B,0.134,24.338,0.011,0.918,0.071
389,OG,0.103526258,0.203495782,248,65,63,-0.025,      NO,      NO,0,3.583,-0.902,0,1,1,YES,B,0.029,4.064,0.072,0.855,0.073,B,0.027,5.443,0.018,0.846,0.136
390,OG,0.108899483,0.318876946,248,65,63,-1.335,      NO,      NO,0,0.384,-1.411,1,0,1,YES,B,0.052,7.977,0.181,0.016,0.803,B,0.052,9.485,0.181,0.016,0.803
391,OG,0.069930737,0.042073803,20,10,10,2.83,      NO,      NO,0,2.161,-1.092,0,1,0,YES,E,0.312,43.33,0.022,0.552,0.426,E,0.367,56.439,0.018,0.019,0.964
392,OG,0.150733787,0.03197471,248,65,63,1.74,      NO,      NO,0,2.195,-1.131,1,1,1,YES,E,0.662,151.483,0.016,0.005,0.979,E,0.623,114.016,0.016,0.005,0.979
393,OG,0.103957824,0.032759902,20,10,10,2.15,      NO,      NO,0,2.492,-1.449,0,1,0,YES,E,0.5,114.592,0.02,0.205,0.775,B,0.19,38.033,0.021,0.451,0.528
394,OG,0.103957824,0.014834199,20,10,10,2.7,      NO,      NO,0,2.319,-1.449,0,0,0,YES,E,0.5,114.592,0.02,0.205,0.775,B,0.214,30.395,0.004,0.42,0.576
395,OG,0.103957824,0.030587312,20,10,10,2.15,      NO,      NO,0,2.517,-1.449,1,1,0,YES,E,0.5,114.592,0.02,0.205,0.775,B,0.157,33.636,0.022,0.359,0.619
396,OG,0.108899483,0.038289101,248,65,63,0.315,      NO,      NO,0,1.685,-1.159,0,0,0,YES,E,0.291,53.264,0.858,0.002,0.139,B,0.053,10.525,0.176,0.004,0.82
397,OG,0.082578163,0.052601008,27,5,17,2.035,      NO,      NO,0,1.228,-1.452,0,0,0,YES,B,0.297,42.798,0.004,0.42,0.576,B,0.291,42.632,0.004,0.42,0.576
398,OG,0.082578163,0.039767312,27,5,17,2.58,      NO,      NO,0,2.18,-1.452,1,1,0,YES,B,0.297,42.798,0.004,0.42,0.576,B,0.291,44.681,0.004,0.42,0.576
399,OG,0.082578163,0.022330094,27,5,17,1.685,      NO,      NO,0,1.495,-1.452,1,0,0,YES,B,0.297,42.798,0.004,0.42,0.576,B,0.264,56.481,0.004,0.616,0.381
400,OG,0.164947176,0.029118254,20,10,10,-0.05,      NO,      NO,0,0.31,-2.171,0,0,0,YES,E,0.536,42.207,0.018,0.047,0.935,E,0.657,150.338,0.053,0.043,0.903
401,OG,0.171203906,0.029419722,12,8,19,1.705,      NO,      NO,0,1.455,-1.389,0,0,1,YES,B,0.15,23.055,0.018,0.846,0.136,B,0.144,28.834,0.018,0.846,0.136
402,OG,0.096848246,0.021544602,5,8,1,0.69,      NO,      NO,0,1.785,-2.058,1,0,1,YES,B,0.166,18.26,0.018,0.019,0.964,B,0.267,37.887,0.005,0.015,0.979
403,OG,0.096848246,0.075003537,5,8,1,1.39,      NO,      NO,0,0.397,-2.058,0,0,1,YES,B,0.166,18.26,0.018,0.019,0.964,B,0.209,28.961,0.018,0.019,0.964
404,OG,0.082480779,0.016076768,4,62,13,1.43,      NO,      NO,0,0.914,-2.366,0,1,0,YES,E,0.304,55.699,0.011,0.918,0.071,E,0.375,53.269,0.011,0.918,0.071
405,OG,0.116960384,0.091294019,732,433,909,-1.67,      NO,      NO,0,-0.37,-2.415,0,0,0,NO,E,0.337,46.784,0.199,0.152,0.649,E,0.335,36.972,0.125,0.227,0.648
406,OG,0.165715967,0.043478444,13,3,16,1.15,      NO,      NO,0,1.648,-2.139,1,1,1,NO,B,0.124,13.621,0.831,0.044,0.125,B,0.182,31.848,0.831,0.044,0.125
407,OG,0.171859156,0.00465013,490,198,494,1.905,      NO,      NO,0,2.526,-2.524,1,0,0,NO,E,0.533,41.979,0.115,0.016,0.868,E,0.414,58.154,0.184,0.043,0.773
408,OG,0.216198135,0.035309614,13,3,16,1.5,      NO,      NO,0,2.059,-1.988,0,0,1,NO,B,0.274,21.54,0.879,0.01,0.111,B,0.199,45.617,0.879,0.01,0.111
409,OG,0.128250487,0.083638612,618,166,503,1.22,      NO,      NO,0,1.936,-1.034,0,0,0,YES,E,0.296,60.825,0.021,0.756,0.223,E,0.286,49.912,0.021,0.756,0.223
410,OG,0.088348152,0.021073899,618,166,503,0.52,      NO,      NO,0,1.622,-1.445,1,1,0,NO,E,0.296,60.825,0.021,0.756,0.223,E,0.307,61.471,0.021,0.756,0.223
411,OG,0.211970111,0.014480389,13,3,16,1.245,      NO,      NO,0,2.498,-2.556,1,0,0,NO,B,0.291,34.047,0.268,0.043,0.689,B,0.171,23.994,0.184,0.043,0.773
412,OG,0.376683487,0.008304149,13,3,16,2.43,      NO,      NO,0,3.494,-1.423,0,1,0,NO,B,0.288,61.631,0.428,0.171,0.402,B,0.218,30.621,0.386,0.097,0.517
413,OG,0.125775086,0.092157151,618,166,503,1.17,      NO,      NO,0,2.545,-1.206,1,1,0,YES,E,0.446,64.254,0.064,0.216,0.721,E,0.402,70.142,0.069,0.386,0.545
414,OG,0.125775086,0.032177752,618,166,503,1.265,      NO,      NO,0,2.985,-1.206,1,0,0,YES,E,0.446,64.254,0.064,0.216,0.721,E,0.395,31.071,0.066,0.296,0.638
415,OG,0.125775086,0.041042384,618,166,503,0.79,      NO,      NO,0,2.586,-0.985,1,1,0,YES,E,0.446,64.254,0.064,0.216,0.721,E,0.392,60.297,0.066,0.296,0.638
416,OG,0.125775086,0.025342562,618,166,503,1.04,      NO,      NO,0,3.22,-0.985,1,0,0,YES,E,0.446,64.254,0.064,0.216,0.721,E,0.405,86.549,0.066,0.296,0.638
417,OG,0.234476479,0.059536245,618,166,503,1.91,      NO,      NO,0,2.49,-1.017,0,1,1,YES,B,0.243,55.693,0.064,0.216,0.721,B,0.236,42.15,0.056,0.142,0.802
418,OG,0.013164783,0.006811656,3,7,90,2.55,      NO,      NO,0,2.532,-2.234,1,2,1,YES,B,0.135,18.94,0.181,0.016,0.803,B,0.086,20.731,0.339,0.016,0.645
419,OG,0.083399747,0.020762641,3,7,90,2.895,      NO,      NO,0,2.849,-1.302,0,1,1,YES,E,0.445,101.905,0.023,0.655,0.322,E,0.416,75.689,0.021,0.756,0.223
420,OG,0.083399747,0.046969351,3,7,90,2.66,      NO,      NO,0,1.09,-1.219,0,1,1,YES,E,0.476,108.981,0.021,0.756,0.223,E,0.382,68.225,0.018,0.846,0.136
421,OG,0.420054842,0.124981444,12,3,60,0.805,      NO,      NO,0,0.983,-1.816,0,0,0,          NO,B,0.163,25.038,0.018,0.047,0.935,B,0.211,39.054,0.018,0.019,0.964
422,OG,0.055568988,0.026462147,19,10,51,2.21,      NO,      NO,0,0.994,-1.744,0,1,0,YES,,,,,,,,,,,,
423,OG,0.102313873,0.064886869,13,21,62,1.385,      NO,      NO,0,2.241,-0.999,1,1,0,NO,,,,,,,,,,,,
424,OG,0.102313873,0.07056366,13,21,62,1.04,      NO,      NO,0,2.187,-0.999,0,1,0,NO,,,,,,,,,,,,
425,OG,0.102313873,0.042103264,13,21,62,1.735,      NO,      NO,0,3.393,-0.999,1,0,0,NO,,,,,,,,,,,,
426,OG,0.310801759,0.110879639,13,21,62,2.74,      NO,      NO,0,2.807,-1.386,1,2,0,YES,,,,,,,,,,,,
427,OG,0.310801759,0.025156474,13,21,62,2.74,      NO,      NO,0,1.835,-1.386,0,1,2,YES,,,,,,,,,,,,
428,OG,0.048565591,0.009605495,13,21,62,2.42,      NO,      NO,0,3.385,-1.442,0,0,1,YES,,,,,,,,,,,,
429,OG,0.131487959,0.00342005,19,10,51,1.95,      NO,      NO,0,0.811,-2.136,0,0,1,YES,,,,,,,,,,,,
430,OG,0.161888088,0.073356805,1,4,2,2.395,      NO,      NO,0,2.678,-1.061,0,0,0,          NO,E,0.573,45.079,0.053,0.043,0.903,E,0.488,111.775,0.018,0.047,0.935
431,OG,0.14752465,0.076514884,142,32,65,2.215,      NO,      NO,0,1.758,-1.29,1,1,0,YES,E,0.299,23.539,0.018,0.019,0.964,E,0.297,32.696,0.018,0.019,0.964
432,OG,0.14752465,0.008331015,142,32,65,2.83,      NO,      NO,0,1.133,-1.29,1,0,1,YES,E,0.299,23.539,0.018,0.019,0.964,E,0.301,42.26,0.018,0.019,0.964
433,OG,0.14752465,0.060060674,142,32,65,2.065,      NO,      NO,0,1.733,-1.29,1,0,3,YES,E,0.299,23.539,0.018,0.019,0.964,E,0.302,69.066,0.018,0.019,0.964
434,OG,0.14752465,0.152606892,142,32,65,1.535,      NO,      NO,0,1.233,-1.29,0,0,1,YES,E,0.299,23.539,0.018,0.019,0.964,E,0.311,36.426,0.018,0.019,0.964
435,OG,0.24520762,0.038635644,78,15,20,2.275,      NO,      NO,0,2.706,-1.285,1,0,3,YES,B,0.239,18.786,0.058,0.017,0.925,B,0.215,49.235,0.058,0.017,0.925
436,OG,0.24520762,0.088699591,78,15,20,2.12,      NO,      NO,0,1.045,-1.285,0,0,1,YES,B,0.239,18.786,0.058,0.017,0.925,B,0.233,27.261,0.058,0.017,0.925
437,OG,0.114921039,0.281726088,2,2,1,0.975,      NO,      NO,0,-0.001,-2.06,1,0,0,NO,E,0.424,46.703,0.053,0.043,0.903,E,0.431,50.501,0.113,0.043,0.844
438,OG,0.345027899,0.046241852,1,7,100,2.095,      NO,      NO,0,2.26,-1.064,0,1,1,YES,B,0.082,18.709,0.006,0.962,0.032,B,0.073,13.074,0.001,0.959,0.04
439,OG,0.099186834,0.077908517,618,166,503,1.465,      NO,      NO,0,1.09,-1.541,0,0,0,YES,B,0.094,18.709,0.064,0.216,0.721,B,0.091,13.941,0.066,0.296,0.638
440,OG,0.5130151,0.031057343,4,6,53,2.77,      NO,      NO,0,2.726,-1.281,0,1,1,YES,B,0.162,37.029,0.085,0.775,0.14,B,0.168,30.505,0.085,0.775,0.14
441,OG,0.5130151,0.067315147,4,6,53,2.51,      NO,      NO,0,1.854,-1.281,1,1,1,YES,B,0.162,37.029,0.085,0.775,0.14,B,0.163,29.79,0.087,0.683,0.23
442,OG,0.3195409,0.02365147,224,69,360,3.53,      NO,      NO,0,2.593,-1.117,1,1,2,YES,B,0.076,13.916,0.176,0.004,0.82,B,0.091,20.816,0.176,0.004,0.82
443,OG,0.107326467,0.061386828,79,34,13,2.095,      NO,      NO,0,2.16,-1.419,1,0,0,YES,B,0.108,16.615,0.002,0.816,0.182,B,0.106,21.334,0.002,0.816,0.182
444,OG,0.144392499,0.055902845,224,69,360,1.62,      NO,      NO,0,1.984,-1.369,1,1,2,YES,B,0.144,29.621,0.006,0.962,0.032,B,0.14,19.39,0.006,0.962,0.032
445,OG,0.02770091,0.011833864,248,65,63,2.48,      NO,      NO,0,1.777,-1.486,0,1,0,YES,B,0.077,8.43,0.97,0.001,0.03,B,0.077,11.789,0.97,0.001,0.03
446,OG,0.123114557,0.169466502,248,65,63,1.655,      NO,      NO,0,1.773,-1.406,0,1,1,YES,B,0.033,3.659,0.97,0.001,0.03,B,0.034,5.272,0.97,0.001,0.03
447,OG,0.345711731,0.038461021,5,5,6,2.14,      NO,      NO,0,1.659,-1.616,0,1,0,NO,E,0.463,80.869,0.622,0.015,0.363,E,0.435,34.219,0.802,0.014,0.185
448,OG,0.033541225,0.07041704,248,65,63,1.905,      NO,      NO,0,0.141,-2.082,1,2,0,          NO,E,0.411,82.261,0.115,0.016,0.868,E,0.377,69.653,0.058,0.017,0.925
449,OG,0.112016399,0.032097729,620,322,599,0.805,      NO,      NO,0,0.46,-2.687,1,2,0,          NO,E,0.494,88.282,0.053,0.043,0.903,E,0.539,98.026,0.053,0.043,0.903
450,OG,0.074912838,0.072187383,618,166,503,2.185,      NO,      NO,0,2.044,-1.498,0,1,1,YES,E,0.397,91.005,0.02,0.205,0.775,E,0.457,81.602,0.019,0.141,0.84
451,OG,0.234497583,0.075892304,2,3,1,1.425,      NO,      NO,0,1.866,-1.17,0,0,1,YES,E,0.54,94.268,0.053,0.043,0.903,E,0.531,109.309,0.257,0.016,0.727
452,OG,0.234497583,0.056093238,2,3,1,1.775,      NO,      NO,0,2.083,-1.17,1,0,1,YES,E,0.54,94.268,0.053,0.043,0.903,E,0.537,95.872,0.115,0.016,0.868
453,OG,0.125775086,0.024191112,618,166,503,0.52,      NO,      NO,0,3.22,-0.985,1,0,0,YES,E,0.727,104.717,0.018,0.047,0.935,E,0.704,128.149,0.018,0.047,0.935
454,OG,0.125775086,0.025342562,618,166,503,1.235,      NO,      NO,0,2.051,-1.206,0,1,0,YES,E,0.727,104.717,0.018,0.047,0.935,E,0.716,152.945,0.018,0.047,0.935
455,OG,0.390659087,0.142922894,618,166,503,1.495, BINDING,      NO,0,1.415,-1.184,0,1,0,YES,B,0.05,9.082,0.023,0.655,0.322,B,0.215,44.184,0.064,0.216,0.721
456,OG,0.103168676,0.0476978,224,69,360,0.82,      NO,      NO,0,2.31,-1.067,0,1,0,YES,E,0.404,56.722,0.004,0.197,0.799,B,0.151,27.88,0.023,0.655,0.322
457,OG,0.137714855,0.032189982,62,1,11,2.525,      NO,      NO,0,1.537,-1.236,0,1,0,          NO,E,0.339,62.715,0.135,0.317,0.548,E,0.36,39.639,0.354,0.048,0.598
458,OG,0.137714855,0.006878876,62,1,11,2.87,      NO,      NO,0,2.553,-1.236,1,1,0,          NO,E,0.339,62.715,0.135,0.317,0.548,E,0.473,68.188,0.135,0.317,0.548
459,OG,0.137714855,0.010461117,62,1,11,2.87,      NO,      NO,0,2.218,-1.236,1,1,0,          NO,E,0.339,62.715,0.135,0.317,0.548,E,0.357,28.088,0.278,0.093,0.628
460,OG,0.073199258,0.187724466,62,1,11,2.28,      NO,      NO,0,2.39,-1.269,1,1,0,          NO,E,0.379,55.486,0.125,0.227,0.648,E,0.378,54.427,0.125,0.227,0.648
461,OG,0.073199258,0.056647921,62,1,11,2.28,      NO,      NO,0,2.266,-1.269,0.5,1.5,0,          NO,E,0.379,55.486,0.125,0.227,0.648,E,0.348,60.761,0.386,0.097,0.517
462,OG,0.073199258,0.024640595,62,1,11,2.28,      NO,      NO,0,0.7,-1.269,1,1,0,          NO,E,0.379,55.486,0.125,0.227,0.648,B,0.276,21.705,0.199,0.152,0.649
463,OG,0.404460985,0.059213839,224,69,360,2.03,      NO,      NO,0,0.676,-1.247,0,1,2,YES,B,0.022,1.763,0.002,0.816,0.182,B,0.055,6.039,0.011,0.918,0.071
464,OG,0.235340942,0.012376448,13,175,865,2.73,      NO,      NO,0,1.156,-1.434,1,2,2,YES,B,0.052,9.305,0.011,0.918,0.071,B,0.052,9.459,0.011,0.918,0.071
465,OG,0.14752465,0.076514884,142,32,65,2.27,      NO,      NO,0,2.003,-0.973,1,1,0,YES,B,0.268,21.084,0.018,0.019,0.964,E,0.274,30.162,0.018,0.019,0.964
466,OG,0.14752465,0.060060674,142,32,65,2.675,      NO,      NO,0,1.815,-0.973,1,0,2,YES,B,0.268,21.084,0.018,0.019,0.964,B,0.268,61.418,0.018,0.019,0.964
467,OG,0.14752465,0.152606892,142,32,65,0.845,      NO,      NO,0,1.578,-0.973,0,0,0,YES,B,0.268,21.084,0.018,0.019,0.964,E,0.286,33.484,0.018,0.019,0.964
468,OG,0.24520762,0.096393163,78,15,20,1.585,      NO,      NO,0,1.14,-1.004,1,1,0,YES,B,0.203,15.96,0.115,0.016,0.868,B,0.2,22.04,0.058,0.017,0.925
469,OG,0.24520762,0.009486363,78,15,20,2.97,      NO,      NO,0,3.969,-1.004,1,0,0,YES,B,0.203,15.96,0.115,0.016,0.868,B,0.208,29.161,0.058,0.017,0.925
470,OG,0.24520762,0.038635644,78,15,20,3,      NO,      NO,0,2.933,-1.004,1,0,2,YES,B,0.203,15.96,0.115,0.016,0.868,B,0.218,49.876,0.058,0.017,0.925
471,OG,0.24520762,0.088699591,78,15,20,1.5,      NO,      NO,0,1.494,-1.004,0,0,0,YES,B,0.203,15.96,0.115,0.016,0.868,B,0.216,25.339,0.058,0.017,0.925
472,OG,0.115464749,0.070375506,1,2,2,1.725,      NO,      NO,0,0.616,-1.754,0,0,1,          NO,E,0.579,101.239,0.005,0.045,0.951,E,0.53,109,0.004,0.085,0.91
473,OG,0.100768447,0.007705892,53,206,151,2.645,      NO,      NO,0,3.688,-1.32,0,0,1,YES,B,0.116,26.679,0.001,0.959,0.04,B,0.118,16.595,0.006,0.962,0.032
474,OG,0.100768447,0.034663778,53,206,151,2.095,      NO,      NO,0,2.78,-1.32,0,1,1,YES,B,0.116,26.679,0.001,0.959,0.04,B,0.131,23.92,0.006,0.962,0.032
475,OG,0.107583284,0.078513083,239,439,473,0.825,      NO,      NO,0,1.204,-1.431,0,0,0,YES,B,0.253,44.234,0.022,0.359,0.619,B,0.231,47.455,0.021,0.451,0.528
476,OG,0.107583284,0.073488232,239,439,473,0.545,      NO,      NO,0,2.135,-1.431,1,1,0,YES,B,0.253,44.234,0.022,0.359,0.619,E,0.252,38.686,0.021,0.451,0.528
477,OG,0.1766809,0.05220641,239,439,9,2.445,      NO,      NO,0,2.912,-0.931,1,1,1,YES,E,0.469,66.537,0.018,0.019,0.964,E,0.49,87.496,0.058,0.017,0.925
478,OG,0.1766809,0.079097026,239,439,9,2.62,      NO,      NO,0,1.595,-0.931,0,0,0,YES,E,0.469,66.537,0.018,0.019,0.964,E,0.494,57.862,0.058,0.017,0.925
479,OG,0.181401948,0.047161377,1,4,31,0.43,      NO,      NO,0,0.54,-2.652,1,0,2,YES,B,0.203,23.803,0,0.983,0.017,B,0.211,23.296,0,0.983,0.017
480,OG,0.1766809,0.025752849,239,439,8,3.035,      NO,      NO,0,2.533,-0.906,0,1,1,YES,E,0.448,63.614,0.018,0.019,0.964,E,0.45,82.358,0.018,0.019,0.964
481,OG,0.847156357,0.024673389,1,7,5,2.265,      NO,      NO,0,1.987,-0.741,1,1,0,          NO,B,0.198,15.583,0.184,0.043,0.773,B,0.182,20.078,0.184,0.043,0.773
482,OG,0.847156357,0.004233442,1,7,5,2.265,      NO,      NO,0,4.221,-0.741,1,0,0,          NO,B,0.198,15.583,0.184,0.043,0.773,B,0.181,25.469,0.184,0.043,0.773
483,OG,0.847156357,0.008613453,1,7,5,2.265,      NO,      NO,0,2.603,-0.741,0,1,0,NO,B,0.198,15.583,0.184,0.043,0.773,B,0.242,34.815,0.184,0.043,0.773
484,OG,0.847156357,0.00600808,1,7,5,2.265,      NO,      NO,0,3.067,-0.741,1,0,2,          NO,B,0.198,15.583,0.184,0.043,0.773,B,0.219,50.128,0.184,0.043,0.773
485,OG,0.847156357,0.020195409,1,7,5,2.265,      NO,      NO,0,2.295,-0.741,0,0,0,          NO,B,0.198,15.583,0.184,0.043,0.773,B,0.184,21.588,0.184,0.043,0.773
486,OG,0.847156357,0.008504499,1,7,5,2.265,      NO,      NO,0,2.888,-0.741,1,1,0,          NO,B,0.198,15.583,0.184,0.043,0.773,B,0.194,29.833,0.184,0.043,0.773
487,OG,0.161849239,0.022074327,1,3,1,2.83,      NO,      NO,0,2.392,-1.188,0,0,0,          NO,B,0.062,11.279,0.911,0.033,0.057,B,0.062,12.463,0.879,0.01,0.111
488,OG,0.668840274,0.004594984,1,7,5,2.215,      NO,      NO,0,2.554,-1.416,1,1,2,          NO,B,0.112,20.507,0.455,0.046,0.498,B,0.125,28.579,0.455,0.046,0.498
489,OG,0.154271692,0.018417757,1,7,5,1.59,      NO,      NO,0,1.725,-2.185,1,1,0,          NO,E,0.518,92.568,0.43,0.016,0.555,E,0.54,76.64,0.339,0.016,0.645
490,OG,0.540305802,0.005740551,1,3,1,2.93,      NO,      NO,0,3.842,-1.101,0,0,1,YES,B,0.172,39.502,0.831,0.044,0.125,B,0.172,24.121,0.802,0.014,0.185
491,OG,0.540305802,0.016975401,1,3,1,2.93,      NO,      NO,0,2.985,-1.101,0,1,1,YES,B,0.172,39.502,0.831,0.044,0.125,B,0.204,37.144,0.802,0.014,0.185
492,OG,0.092658925,0.052924442,4,25,2,1.435,      NO,      NO,0,0.531,-1.289,1,2,0,YES,E,0.504,88.066,0.018,0.019,0.964,E,0.428,61.603,0.018,0.047,0.935
493,OG,0.093152253,0.021058732,12,9,19,1.7,      NO,      NO,0,1.616,-1.487,0,1,0,NO,B,0.278,32.546,0.988,0,0.012,B,0.277,40.538,0.988,0,0.012
494,OG,0.088432122,0.065686622,12,9,19,2.045,      NO,      NO,0,1.648,-1.517,2,3,4,NO,B,0.132,31.842,0.938,0.007,0.055,B,0.126,13.885,0.97,0.001,0.03
495,OG,0.088432122,0.044583119,12,9,19,2.045,      NO,      NO,0,2.12,-1.517,0.5,1.5,0,          NO,B,0.132,31.842,0.938,0.007,0.055,B,0.137,28.119,0.975,0.003,0.022
496,OG,0.088432122,0.096299707,12,9,19,2.045,      NO,      NO,0,0.417,-1.517,1,1,0,          NO,B,0.132,31.842,0.938,0.007,0.055,B,0.195,35.668,0.97,0.001,0.03
497,OG,0.088432122,0.072706826,12,9,19,2.045,      NO,      NO,0,2.371,-1.517,1,0,0,          NO,B,0.132,31.842,0.938,0.007,0.055,B,0.133,30.526,0.975,0.003,0.022
498,OG,0.14881669,0.00777447,1,3,1,1.665,      NO,      NO,0,3.065,-1.888,0,0,1,YES,E,0.362,82.944,0.022,0.552,0.426,E,0.335,47.062,0.022,0.552,0.426
499,OG,0.14881669,0.044879238,1,3,1,1.665,      NO,      NO,0,1.414,-1.888,1,1,1,YES,E,0.362,82.944,0.022,0.552,0.426,E,0.366,66.96,0.022,0.552,0.426
500,OG,,,,,,0.14,      NO,      NO,0,0.945,-2.089,0,0,0,YES,E,0.389,78.112,0.053,0.043,0.903,E,0.379,69.34,0.018,0.019,0.964
501,OG,0.128076185,0.047171754,1,2,1,2.625,      NO,      NO,0,1.767,-1.133,0,0,0,YES,E,0.357,28.088,0.018,0.088,0.893,E,0.338,77.402,0.018,0.088,0.893
502,OG,0.14752465,0.076514884,142,32,65,2.15,      NO,      NO,0,1.792,-1.233,1,1,0,YES,E,0.274,21.564,0.018,0.019,0.964,B,0.261,28.817,0.018,0.019,0.964
503,OG,0.14752465,0.060060674,142,32,65,2.025,      NO,      NO,0,1.702,-1.233,1,0,2,YES,E,0.274,21.564,0.018,0.019,0.964,B,0.271,61.99,0.018,0.019,0.964
504,OG,0.14752465,0.152606892,142,32,65,1.115,      NO,      NO,0,1.236,-1.233,0,0,0,YES,E,0.274,21.564,0.018,0.019,0.964,B,0.269,31.55,0.018,0.019,0.964
505,OG,0.24520762,0.038635644,78,15,20,2.36,      NO,      NO,0,2.902,-1.037,1,0,2,YES,B,0.214,16.842,0.115,0.016,0.868,B,0.195,44.586,0.115,0.016,0.868
506,OG,0.089885378,0.061346939,3,3,4,1.1,      NO,      NO,0,0.552,-1.617,1,0,0,NO,B,0.175,19.274,0.053,0.043,0.903,B,0.241,28.222,0.053,0.043,0.903
507,OG,0.205337564,0.031360065,93,1487,629,1.81,      NO,      NO,0,2.857,-1.459,0,1,1,YES,E,0.296,67.853,0.97,0.001,0.03,E,0.294,53.479,0.97,0.001,0.03
508,OG,0.156482672,0.081903791,1,2,105,2.205,      NO,      NO,0,0.439,-1.81,0,0,0,YES,E,0.361,52.792,0.053,0.005,0.942,E,0.304,43.85,0.018,0.019,0.964
509,OG,0.156482672,0.099722894,1,2,105,3.01,      NO,      NO,0,1.749,-1.81,1,2,0,YES,E,0.361,52.792,0.053,0.005,0.942,E,0.342,70.391,0.058,0.017,0.925
510,OG,0.156482672,0.061047074,1,2,105,2.81,      NO,      NO,0,1.486,-1.81,0,1,0,YES,E,0.361,52.792,0.053,0.005,0.942,B,0.287,33.66,0.016,0.005,0.979
511,OG,0.112198012,0.011897583,2,30,1,1.78,      NO,      NO,0,3.583,-1.281,0,0,1,YES,E,0.503,115.256,0.858,0.002,0.139,E,0.546,76.602,0.858,0.002,0.139
512,OG,0.112198012,0.049679644,2,30,1,1.78,      NO,      NO,0,2.726,-1.281,0,1,1,YES,E,0.503,115.256,0.858,0.002,0.139,E,0.536,97.535,0.923,0.002,0.076
513,OG,0.112198012,0.032619011,2,30,1,1.78,      NO,      NO,0,1.854,-1.281,1,1,1,YES,E,0.503,115.256,0.858,0.002,0.139,E,0.501,91.696,0.858,0.002,0.139
514,OG,0.076577652,0.144392499,224,69,360,0.255,      NO,      NO,0,1.97,-1.079,1,2,0,YES,B,0.186,27.172,0.001,0.9,0.099,B,0.145,29.765,0.001,0.9,0.099
515,OG,0.036248764,0.072749009,17,3,4,1.905,      NO,      NO,0,2.086,-1.98,0,0,2,YES,B,0.074,10.376,0.003,0.718,0.279,B,0.138,31.488,0.003,0.718,0.279
516,OG,0.129863679,0.102171756,17,3,4,1.275,      NO,      NO,0,1.529,-1.649,0,1,0,YES,E,0.58,101.343,0.246,0.004,0.75,E,0.583,45.89,0.176,0.004,0.82
517,OG,0.129863679,0.048869099,17,3,4,2.08,      NO,      NO,0,1.466,-1.649,0,0,0,YES,E,0.58,101.343,0.246,0.004,0.75,E,0.645,132.574,0.176,0.004,0.82
518,OG,0.129863679,0.033033602,17,3,4,1.735,      NO,      NO,0,0.719,-1.649,1,0,0,YES,E,0.58,101.343,0.246,0.004,0.75,E,0.611,109.125,0.176,0.004,0.82
519,OG,0.121165245,0.031270816,42,2,2,1.14,      NO,      NO,0,0.875,-1.341,0,1,0,YES,E,0.553,96.696,0.113,0.043,0.844,E,0.514,40.436,0.339,0.016,0.645
520,OG,0.121165245,0.148718503,42,2,2,1.27,      NO,      NO,0,1.834,-1.341,0,0,0,YES,E,0.553,96.696,0.113,0.043,0.844,E,0.527,108.445,0.257,0.016,0.727
521,OG,0.121165245,0.08566508,42,2,2,1.405,      NO,      NO,0,2.094,-1.341,1,0,0,YES,E,0.553,96.696,0.113,0.043,0.844,E,0.513,91.675,0.257,0.016,0.727
522,OG,0.121165245,0.028237059,42,2,2,1.24,      NO,      NO,0,2.22,-1.341,1,1,0,YES,E,0.553,96.696,0.113,0.043,0.844,E,0.521,80.139,0.339,0.016,0.645
523,OG,0.111790354,0.140896458,42,2,2,1.38,      NO,      NO,0,1.664,-1.348,1,1,2,YES,E,0.632,110.445,0.97,0.001,0.03,E,0.657,72.346,0.97,0.001,0.03
524,OG,0.111790354,0.050555679,42,2,2,2.005,      NO,      NO,0,2.068,-1.348,0,1,0,YES,E,0.632,110.445,0.97,0.001,0.03,E,0.642,50.502,0.97,0.001,0.03
525,OG,0.111790354,0.094921979,42,2,2,1.62,      NO,      NO,0,1.786,-1.348,0,0,0,YES,E,0.632,110.445,0.97,0.001,0.03,E,0.638,131.195,0.923,0.002,0.076
526,OG,0.111790354,0.068946806,42,2,2,1.75,      NO,      NO,0,1.119,-1.348,1,0,0,YES,E,0.632,110.445,0.97,0.001,0.03,E,0.637,113.75,0.97,0.001,0.03
527,OG,0.040584462,0.048498132,109,18,48,0.635,      NO,      NO,0,1.487,-1.674,0,0,0,NO,E,0.51,89.097,0.6,0.003,0.397,E,0.447,92.051,0.6,0.003,0.397
528,OG,0.343822412,0.054155269,14,2,3,2.91,      NO,      NO,0,1.845,-1.141,0,0,0,YES,E,0.347,60.621,0.252,0.423,0.325,E,0.415,85.324,0.079,0.592,0.329
529,OG,0.063904851,0.061174185,109,18,48,1.475,      NO,      NO,0,1.114,-1.383,1,0,2,NO,E,0.48,37.8,0.321,0.003,0.675,E,0.367,84.089,0.406,0.004,0.59
530,OG,0.139377388,0.059956859,21,2,1,2.125,      NO,      NO,0,1.914,-1.42,0,1,0,NO,B,0.2,15.732,0.879,0.01,0.111,B,0.216,31.169,0.879,0.01,0.111
531,OG,0.026849985,0.187904768,109,18,48,-0.895,      NO,      NO,0,-0.025,-2.315,1,1,0,NO,B,0.18,32.706,0.858,0.002,0.139,B,0.163,29.772,0.782,0.003,0.216
532,OG,0.026849985,0.06939989,109,18,48,0.6,      NO,      NO,0,1.388,-2.315,0,1,2,NO,B,0.18,32.706,0.858,0.002,0.139,B,0.157,35.999,0.782,0.003,0.216
533,OG,0.026849985,0.052123467,109,18,48,-1.175,      NO,      NO,0,-0.552,-2.315,0,0,0,NO,B,0.18,32.706,0.858,0.002,0.139,B,0.197,42.078,0.782,0.003,0.216
534,OG,0.157790038,0.073305474,21,2,1,2.58,      NO,      NO,0,1.792,-1.142,0,0,0,NO,E,0.364,74.772,0.701,0.107,0.192,E,0.36,62.962,0.831,0.044,0.125
535,OG,0.041928479,0.321763009,109,18,48,-1.255,      NO,      NO,0,0.734,-2.322,1,2,0,NO,B,0.02,4.042,0.988,0,0.012,B,0.021,3.867,0.988,0,0.012
536,OG,0.041928479,0.121082881,109,18,48,-0.305,      NO,      NO,0,0.641,-2.322,0,0,0,NO,B,0.02,4.042,0.988,0,0.012,B,0.02,3.043,0.988,0,0.012
537,OG,0.090562958,0.058926758,17,3,4,2.36,      NO,      NO,0,2.08,-1.008,1,2,0,NO,E,0.523,76.582,0.004,0.085,0.91,E,0.588,120.91,0.004,0.085,0.91
538,OG,0.080911445,0.104494588,42,2,2,1.975,      NO,      NO,0,1.473,-1.58,1,0,0,YES,E,0.488,87.228,0.97,0.001,0.03,E,0.514,105.668,0.97,0.001,0.03
539,OG,0.080911445,0.060614569,42,2,2,1.975,      NO,      NO,0,1.824,-1.58,1,1,0,YES,E,0.488,87.228,0.97,0.001,0.03,E,0.507,92.887,0.97,0.001,0.03
540,OG,0.080911445,0.0207195,42,2,2,1.975,      NO,      NO,0,2.024,-1.58,1,1,2,YES,E,0.488,87.228,0.97,0.001,0.03,E,0.469,66.494,0.97,0.001,0.03
541,OG,0.080911445,0.054353841,42,2,2,1.975,      NO,      NO,0,1.817,-1.58,0,1,2,YES,E,0.488,87.228,0.97,0.001,0.03,E,0.494,113.24,0.97,0.001,0.03
542,OG,0.138414842,0.012200358,21,2,1,2.415,      NO,      NO,0,2.605,-1.688,0,1,1,YES,E,0.569,130.255,0.278,0.093,0.628,E,0.579,105.247,0.354,0.048,0.598
543,OG,0.451951683,0.078974521,14,2,3,2.195,      NO,      NO,0,2.032,-1.556,0,1,1,YES,E,0.347,79.509,0.069,0.386,0.545,E,0.374,66.779,0.066,0.296,0.638
544,OG,0.281506427,0.003107614,14,2,3,2.67,      NO,      NO,0,0.9,-1.777,0,0,1,YES,E,0.4,91.623,0.021,0.451,0.528,E,0.358,86.075,0.022,0.359,0.619
545,OG,0.085559777,0.090312446,109,18,48,0.88,      NO,      NO,0,0.666,-1.327,0,0,0,NO,E,0.288,39.973,0.858,0.002,0.139,E,0.288,31.738,0.923,0.002,0.076
546,OG,0.118342774,0.019062924,41,24,124,2.68,      NO,      NO,0,2.38,-1.292,0,1,1,YES,B,0.156,35.655,0.001,0.959,0.04,B,0.166,29.594,0.001,0.959,0.04
547,OG,0.134979819,0.04361867,4,4,4,1.89,      NO,      NO,0,2.781,-1.446,0,1,0,YES,E,0.436,51.041,0.052,0.084,0.864,E,0.435,87.244,0.052,0.084,0.864
548,OG,0.391386389,0.080858869,2,1,1,1.955,      NO,      NO,0,1.503,-1.706,1,2,0,YES,E,0.459,80.24,0.115,0.016,0.868,E,0.478,68.894,0.109,0.005,0.886
549,OG,0.391386389,0.061033646,2,1,1,1.61,      NO,      NO,0,0.563,-1.706,0,0,0,YES,E,0.459,80.24,0.115,0.016,0.868,E,0.319,65.659,0.246,0.004,0.75
550,OG,0.31642153,0.032084572,2,1,,1.65,      NO,      NO,0,1.606,-1.996,1,1,0,YES,E,0.629,109.956,0.053,0.043,0.903,E,0.533,81.968,0.052,0.084,0.864
551,OG,0.385070055,0.039085255,2,1,1,2.085, MOD_RES,      NO,0,2.292,-1.012,1,2,2,YES,E,0.561,115.501,0.019,0.141,0.84,E,0.542,79.363,0.022,0.359,0.619
552,OG,0.412586252,0.007355478,2,1,1,1.735,      NO,      NO,0,3.164,-1.925,0,0,1,YES,E,0.524,119.904,0.97,0.001,0.03,E,0.551,77.318,0.97,0.001,0.03
553,OG,0.412586252,0.020837938,2,1,1,1.735,      NO,      NO,0,2.417,-1.925,0,1,1,YES,E,0.524,119.904,0.97,0.001,0.03,E,0.543,98.735,0.97,0.001,0.03
554,OG,0.412586252,0.007355478,2,1,1,1.845,      NO,      NO,0,3.291,-1.628,0,0,1,YES,E,0.509,116.561,0.6,0.003,0.397,E,0.375,52.636,0.782,0.003,0.216
555,OG,0.32054263,0.064401394,2,1,1,1.795,      NO,      NO,0,1.123,-1.764,0,1,2,YES,E,0.344,52.827,0.018,0.088,0.893,E,0.315,34.724,0.018,0.047,0.935
556,OG,0.32054263,0.031059207,2,1,1,1.795,      NO,      NO,0,1.044,-1.764,0,0,1,YES,E,0.344,52.827,0.018,0.088,0.893,E,0.304,60.91,0.018,0.019,0.964
557,OG,0.075523607,0.054261518,26,2,32,1.06,      NO,      NO,0,2.226,-1.162,0,0,0,YES,E,0.501,55.221,0.005,0.262,0.733,E,0.559,77.506,0.019,0.141,0.84
558,OG,0.075523607,0.011526345,26,2,32,2.03,      NO,      NO,0,1.537,-1.162,0,1,0,YES,E,0.501,55.221,0.005,0.262,0.733,E,0.554,85.181,0.005,0.045,0.951
559,OG,0.093692232,0.007149592,26,2,32,2.245,      NO,      NO,0,2.547,-1.133,1,1,0,YES,E,0.738,106.418,0.003,0.003,0.994,E,0.726,111.555,0.003,0.003,0.994
560,OG,0.093692232,0.014978791,26,2,32,1.715,      NO,      NO,0,3.245,-1.133,1,0,0,YES,E,0.738,106.418,0.003,0.003,0.994,E,0.756,161.643,0.003,0.003,0.994
561,OG,0.101499643,0.089956415,41,24,124,1.505,      NO,      NO,0,1.386,-1.223,0,0,0,YES,E,0.369,64.482,0.02,0.205,0.775,E,0.353,72.653,0.019,0.141,0.84
562,OG,0.230537901,0.087296929,26,2,32,1.605,      NO,      NO,0,1.279,-1.286,1,1,2,YES,E,0.579,101.099,0.522,0.016,0.462,E,0.536,59.111,0.694,0.003,0.303
563,OG,0.230537901,0.078894797,26,2,32,2.295,      NO,      NO,0,1.983,-1.286,0,0,0,YES,E,0.579,101.099,0.522,0.016,0.462,E,0.596,122.618,0.43,0.016,0.555
564,OG,0.230537901,0.080496627,26,2,32,1.645,      NO,      NO,0,2.298,-1.286,1,0,0,YES,E,0.579,101.099,0.522,0.016,0.462,E,0.595,106.338,0.257,0.016,0.727
565,OG,0.067025643,0.04024981,142,32,65,2.26,      NO,      NO,0,2.604,-0.965,0,1,0,YES,E,0.426,60.464,0.018,0.047,0.935,E,0.411,75.181,0.018,0.047,0.935
566,OG,0.067025643,0.083105034,142,32,65,1.77,      NO,      NO,0,1.526,-0.965,0,0,0,YES,E,0.426,60.464,0.018,0.047,0.935,E,0.431,50.56,0.018,0.047,0.935
567,OG,0.217786512,0.039394463,668,408,707,2.56, MOD_RES,      NO,0,1.024,-1.334,0,1,1,          NO,E,0.469,54.943,0.052,0.084,0.864,B,0.255,46.654,0.052,0.084,0.864
568,OG,0.050732934,0.009978725,224,69,360,0.875,      NO,      NO,0,2.974,-0.949,0.5,1.5,0,YES,B,0.201,22.128,0.056,0.142,0.802,B,0.237,47.466,0.019,0.141,0.84
569,OG,0.179170036,0.032045132,687,325,655,2.74,      NO,      NO,0,2.547,-1.351,0,0,2,          NO,E,0.441,61.93,0.058,0.017,0.925,E,0.483,110.561,0.115,0.016,0.868
570,OG,0.172995447,0.040730829,687,325,655,2.74,      NO,      NO,0,2.781,-1.194,0,0,2,          NO,B,0.107,15.079,0.694,0.003,0.303,B,0.222,50.769,0.257,0.016,0.727
571,OG,0.172995447,0.005532309,687,325,655,2.74,      NO,      NO,0,3.721,-1.194,1,2,0,          NO,B,0.107,15.079,0.694,0.003,0.303,B,0.114,27.441,0.622,0.015,0.363
572,OG,0.172995447,0.019674537,687,325,655,2.74,      NO,      NO,0,2.786,-1.194,0,1,0,          NO,B,0.107,15.079,0.694,0.003,0.303,B,0.122,26.007,0.622,0.015,0.363
573,OG,0.19930878,0.056213969,224,69,360,1.71,      NO,      NO,0,1.783,-1.509,0,1,2,YES,B,0.042,8.484,0.064,0.216,0.721,B,0.043,5.95,0.064,0.216,0.721
574,OG,0.075890786,0.084556951,224,69,360,0.885,      NO,      NO,0,0.737,-1.6,0,0,0,YES,E,0.598,86.1,0.97,0.001,0.03,E,0.6,87.884,0.97,0.001,0.03
575,OG,0.100768447,0.042911304,53,206,151,2.175,      NO,      NO,0,1.501,-1.734,1,2,2,YES,B,0.111,25.396,0.006,0.962,0.032,B,0.115,13.537,0.001,0.959,0.04
576,OG,0.064751397,0.146829974,1,3,1,-1.905,      NO,  SIGNAL,0,-0.706,-2.072,0,0,0,          NO,B,0.081,16.217,0.858,0.002,0.139,B,0.101,18.566,0.938,0.007,0.055
577,OG,0.35054016,0.036122115,2,1,6,1.975,      NO,      NO,0,2.055,-0.985,0,0,1,NO,E,0.581,83.751,0.113,0.043,0.844,E,0.602,88.089,0.113,0.043,0.844
578,OG,0.19645537,0.084863601,2,1,6,1.975,      NO,      NO,0,1.749,-1.075,0,0,1,NO,E,0.552,96.434,0.278,0.093,0.628,E,0.622,128.028,0.278,0.093,0.628
579,OG,0.165825375,0.054197527,2,1,6,1.975,      NO,      NO,0,2.477,-0.809,0,1,0,NO,E,0.583,45.874,0.053,0.043,0.903,E,0.702,101.115,0.053,0.043,0.903
580,OG,0.165825375,0.111761292,2,1,6,1.975,      NO,      NO,0,2.169,-0.809,0,0,1,NO,E,0.583,45.874,0.053,0.043,0.903,E,0.585,68.562,0.053,0.043,0.903
581,OG,0.158210319,0.05889259,2,1,6,1.975,      NO,      NO,0,2.216,-1.212,1,1,0,NO,E,0.344,63.658,0.113,0.087,0.8,E,0.357,41.84,0.053,0.043,0.903
582,OG,0.158210319,0.081908705,2,1,6,1.975,      NO,      NO,0,2.027,-1.212,0,1,0,NO,E,0.344,63.658,0.113,0.087,0.8,E,0.378,52.387,0.113,0.043,0.844
583,OG,0.28581801,0.157660704,9,1,155,1.23,      NO,  REPEAT,0,0.888,-1.05,0,1,0,NO,E,0.23,47.27,0.988,0,0.012,E,0.259,59.265,0.97,0.001,0.03
584,OG,0.183274546,0.001764002,1,3,1,2.925,      NO,  COILED,0,3.517,-1.64,0,0,1,YES,E,0.482,110.332,0.97,0.001,0.03,E,0.46,64.584,0.923,0.002,0.076
585,OG,0.370089652,0.038333159,9,7,20,2.69,      NO,TRANSMEM,1,2.373,-1.165,0,0,0,YES,B,0.227,41.582,0.988,0,0.012,B,0.212,42.468,0.988,0,0.012
586,OG,0.029022903,0.01164568,41,24,124,1.285,      NO,      NO,0,1.497,-1.031,1,0,0,YES,B,0.221,32.31,0.018,0.846,0.136,B,0.222,40.436,0.018,0.846,0.136
587,OG,0.035813513,0.155285488,1,2,1,-1.7,      NO,      NO,0,-0.859,-2.403,0,1,1,NO,B,0.091,10.63,0.053,0.043,0.903,B,0.092,16.754,0.053,0.043,0.903
588,OG,0.088348152,0.047934969,618,166,503,1.43,      NO,      NO,0,2.099,-1.219,1,2,2,YES,E,0.334,68.663,0.011,0.918,0.071,E,0.334,48.942,0.011,0.918,0.071
589,OG,0.087105086,0.062706511,3,1,88,1.1,      NO,      NO,0,1.341,-1.95,0,0,0,YES,E,0.345,37.997,0.053,0.043,0.903,E,0.288,39.932,0.113,0.043,0.844
590,OG,0.14881669,0.057118912,1,3,1,2.015,      NO,      NO,0,0.47,-1.767,0,1,1,YES,E,0.362,82.944,0.022,0.552,0.426,E,0.387,69.082,0.022,0.552,0.426
591,OG,0.743869249,0.008393984,1,4,1,2.045, MOD_RES,      NO,0,1.746,-1.348,0,1,1,          NO,E,0.307,36.004,0.113,0.043,0.844,B,0.276,50.517,0.053,0.043,0.903
592,OG,0.448095007,0.127548321,44,54,46,1.935,      NO,  REPEAT,0,2.14,-0.922,0,0,1,YES,B,0.033,2.613,0.004,0.514,0.481,B,0.041,4.84,0.005,0.336,0.66
593,OG,0.052655741,0.012819472,44,54,46,0.71,      NO,  REPEAT,0,1.672,-1.313,0,0,2,YES,B,0.144,29.539,0.002,0.816,0.182,B,0.137,23.916,0.002,0.816,0.182
594,OG,0.056905687,0.115145354,44,54,46,1.7,      NO,  REPEAT,0,1.783,-1.008,0,1,0,YES,E,0.524,76.772,0.004,0.085,0.91,E,0.531,62.221,0.004,0.085,0.91
595,OG,0.023650288,0.086785997,44,54,46,1.06,      NO,  REPEAT,0,1.984,-1.535,0,1,1,YES,E,0.574,131.4,0.003,0.003,0.994,E,0.582,103.981,0.003,0.003,0.994
596,OG,0.084556951,0.22548086,93,1487,629,2.635,      NO,TRANSMEM,1,1.576,-1.149,0,0,0,YES,E,0.244,48.931,0.988,0,0.012,E,0.249,45.665,0.988,0,0.012
597,OG,0.189829306,0.087406118,5,1,10,2.51,      NO,TRANSMEM,1,1.576,-1.149,0,0,0,YES,B,0.076,15.173,0.97,0.001,0.03,B,0.087,15.911,0.97,0.001,0.03
598,OG,0.06032311,0.058523318,1,12,33,1.23,      NO,      NO,0,1.667,-1.289,0,0,1,YES,E,0.479,83.716,0.004,0.085,0.91,E,0.459,94.457,0.858,0.002,0.139
599,OG,0.053646449,0.094496735,1,12,33,1.165,      NO,      NO,0,1.481,-1.149,0,0,0,YES,B,0.097,13.398,0.003,0.718,0.279,B,0.09,9.962,0.001,0.9,0.099
600,OG,0.053646449,0.094496735,1,12,33,1.175,      NO,      NO,0,1.432,-1.32,0,0,0,YES,B,0.055,7.587,0.001,0.9,0.099,B,0.049,5.444,0.001,0.959,0.04